country_iso3,year,pct_app_applicant,pct_prio_applicant,pct_app_inventor,source,download_date
AUS,2012,1614.0917,1504.2,1782.1476,"OECD Data Explorer / DSD_PATENTS@DF_PATENTS_WIPO (WIPO PCT, 9P50_1, MEASURE=AP)",2026-06-30
AUS,2013,1508.3429,1607.5873,1757.1428,"OECD Data Explorer / DSD_PATENTS@DF_PATENTS_WIPO (WIPO PCT, 9P50_1, MEASURE=AP)",2026-06-30
AUS,2014,1632.9445,1646.1381,1796.0345,"OECD Data Explorer / DSD_PATENTS@DF_PATENTS_WIPO (WIPO PCT, 9P50_1, MEASURE=AP)",2026-06-30
AUS,2015,1637.3381,1717.4667,1821.6809,"OECD Data Explorer / DSD_PATENTS@DF_PATENTS_WIPO (WIPO PCT, 9P50_1, MEASURE=AP)",2026-06-30
AUS,2016,1737.6667,1795.4445,1920.8024,"OECD Data Explorer / DSD_PATENTS@DF_PATENTS_WIPO (WIPO PCT, 9P50_1, MEASURE=AP)",2026-06-30
AUS,2017,1774.9944,1762.6278,1939.3982,"OECD Data Explorer / DSD_PATENTS@DF_PATENTS_WIPO (WIPO PCT, 9P50_1, MEASURE=AP)",2026-06-30
AUS,2018,1766.4694,1733.9214,1907.3949,"OECD Data Explorer / DSD_PATENTS@DF_PATENTS_WIPO (WIPO PCT, 9P50_1, MEASURE=AP)",2026-06-30
AUS,2019,1724.2131,1698.0333,1860.2365,"OECD Data Explorer / DSD_PATENTS@DF_PATENTS_WIPO (WIPO PCT, 9P50_1, MEASURE=AP)",2026-06-30
AUS,2020,1684.95,1713.4429,1825.425,"OECD Data Explorer / DSD_PATENTS@DF_PATENTS_WIPO (WIPO PCT, 9P50_1, MEASURE=AP)",2026-06-30
AUS,2021,1733.7762,1746.1733,1830.3541,"OECD Data Explorer / DSD_PATENTS@DF_PATENTS_WIPO (WIPO PCT, 9P50_1, MEASURE=AP)",2026-06-30
AUS,2022,1718.0066,1461.4882,1812.6661,"OECD Data Explorer / DSD_PATENTS@DF_PATENTS_WIPO (WIPO PCT, 9P50_1, MEASURE=AP)",2026-06-30
AUS,2023,1481.1548,,1576.5868,"OECD Data Explorer / DSD_PATENTS@DF_PATENTS_WIPO (WIPO PCT, 9P50_1, MEASURE=AP)",2026-06-30
AUT,2012,1333.5952,1287.8944,1448.4048,"OECD Data Explorer / DSD_PATENTS@DF_PATENTS_WIPO (WIPO PCT, 9P50_1, MEASURE=AP)",2026-06-30
AUT,2013,1266.5612,1377.6705,1387.1705,"OECD Data Explorer / DSD_PATENTS@DF_PATENTS_WIPO (WIPO PCT, 9P50_1, MEASURE=AP)",2026-06-30
AUT,2014,1377.3372,1385.3333,1485.0658,"OECD Data Explorer / DSD_PATENTS@DF_PATENTS_WIPO (WIPO PCT, 9P50_1, MEASURE=AP)",2026-06-30
AUT,2015,1399.3333,1416.75,1529.2073,"OECD Data Explorer / DSD_PATENTS@DF_PATENTS_WIPO (WIPO PCT, 9P50_1, MEASURE=AP)",2026-06-30
AUT,2016,1416.7,1371.9409,1550.705,"OECD Data Explorer / DSD_PATENTS@DF_PATENTS_WIPO (WIPO PCT, 9P50_1, MEASURE=AP)",2026-06-30
AUT,2017,1374.6576,1476.4167,1554.37,"OECD Data Explorer / DSD_PATENTS@DF_PATENTS_WIPO (WIPO PCT, 9P50_1, MEASURE=AP)",2026-06-30
AUT,2018,1498.75,1396.85,1601.0234,"OECD Data Explorer / DSD_PATENTS@DF_PATENTS_WIPO (WIPO PCT, 9P50_1, MEASURE=AP)",2026-06-30
AUT,2019,1410.6833,1480.5,1590.851,"OECD Data Explorer / DSD_PATENTS@DF_PATENTS_WIPO (WIPO PCT, 9P50_1, MEASURE=AP)",2026-06-30
AUT,2020,1497.7333,1529.05,1594.0905,"OECD Data Explorer / DSD_PATENTS@DF_PATENTS_WIPO (WIPO PCT, 9P50_1, MEASURE=AP)",2026-06-30
AUT,2021,1534.9833,1405.7333,1601.0383,"OECD Data Explorer / DSD_PATENTS@DF_PATENTS_WIPO (WIPO PCT, 9P50_1, MEASURE=AP)",2026-06-30
AUT,2022,1399.2333,1498.7095,1520.334,"OECD Data Explorer / DSD_PATENTS@DF_PATENTS_WIPO (WIPO PCT, 9P50_1, MEASURE=AP)",2026-06-30
AUT,2023,1523.3156,,1589.3293,"OECD Data Explorer / DSD_PATENTS@DF_PATENTS_WIPO (WIPO PCT, 9P50_1, MEASURE=AP)",2026-06-30
BEL,2012,1208.6571,1186.9167,1286.7327,"OECD Data Explorer / DSD_PATENTS@DF_PATENTS_WIPO (WIPO PCT, 9P50_1, MEASURE=AP)",2026-06-30
BEL,2013,1131.9167,1155.2646,1140.7045,"OECD Data Explorer / DSD_PATENTS@DF_PATENTS_WIPO (WIPO PCT, 9P50_1, MEASURE=AP)",2026-06-30
BEL,2014,1159.2646,1127.3667,1270.5826,"OECD Data Explorer / DSD_PATENTS@DF_PATENTS_WIPO (WIPO PCT, 9P50_1, MEASURE=AP)",2026-06-30
BEL,2015,1151.3667,1166.9061,1233.3123,"OECD Data Explorer / DSD_PATENTS@DF_PATENTS_WIPO (WIPO PCT, 9P50_1, MEASURE=AP)",2026-06-30
BEL,2016,1198.4061,1359.2833,1253.4642,"OECD Data Explorer / DSD_PATENTS@DF_PATENTS_WIPO (WIPO PCT, 9P50_1, MEASURE=AP)",2026-06-30
BEL,2017,1334.45,1290.7429,1324.8029,"OECD Data Explorer / DSD_PATENTS@DF_PATENTS_WIPO (WIPO PCT, 9P50_1, MEASURE=AP)",2026-06-30
BEL,2018,1326.0762,1383.4333,1301.1436,"OECD Data Explorer / DSD_PATENTS@DF_PATENTS_WIPO (WIPO PCT, 9P50_1, MEASURE=AP)",2026-06-30
BEL,2019,1390.4333,1389.8781,1279.6409,"OECD Data Explorer / DSD_PATENTS@DF_PATENTS_WIPO (WIPO PCT, 9P50_1, MEASURE=AP)",2026-06-30
BEL,2020,1364.9781,1422.9381,1292.0088,"OECD Data Explorer / DSD_PATENTS@DF_PATENTS_WIPO (WIPO PCT, 9P50_1, MEASURE=AP)",2026-06-30
BEL,2021,1367.6215,1340.2036,1367.0408,"OECD Data Explorer / DSD_PATENTS@DF_PATENTS_WIPO (WIPO PCT, 9P50_1, MEASURE=AP)",2026-06-30
BEL,2022,1345.7535,1312.8124,1340.3167,"OECD Data Explorer / DSD_PATENTS@DF_PATENTS_WIPO (WIPO PCT, 9P50_1, MEASURE=AP)",2026-06-30
BEL,2023,1314.7972,,1368.2263,"OECD Data Explorer / DSD_PATENTS@DF_PATENTS_WIPO (WIPO PCT, 9P50_1, MEASURE=AP)",2026-06-30
BRA,2012,578.5,617.2861,671.8501,"OECD Data Explorer / DSD_PATENTS@DF_PATENTS_WIPO (WIPO PCT, 9P50_1, MEASURE=AP)",2026-06-30
BRA,2013,636.3694,562.9667,764.9625,"OECD Data Explorer / DSD_PATENTS@DF_PATENTS_WIPO (WIPO PCT, 9P50_1, MEASURE=AP)",2026-06-30
BRA,2014,566.6333,553.3833,703.6811,"OECD Data Explorer / DSD_PATENTS@DF_PATENTS_WIPO (WIPO PCT, 9P50_1, MEASURE=AP)",2026-06-30
BRA,2015,532.7167,514.875,658.73,"OECD Data Explorer / DSD_PATENTS@DF_PATENTS_WIPO (WIPO PCT, 9P50_1, MEASURE=AP)",2026-06-30
BRA,2016,549.0417,593.6167,706.9665,"OECD Data Explorer / DSD_PATENTS@DF_PATENTS_WIPO (WIPO PCT, 9P50_1, MEASURE=AP)",2026-06-30
BRA,2017,581.1167,588.4667,737.6807,"OECD Data Explorer / DSD_PATENTS@DF_PATENTS_WIPO (WIPO PCT, 9P50_1, MEASURE=AP)",2026-06-30
BRA,2018,593.4429,634.6595,743.4342,"OECD Data Explorer / DSD_PATENTS@DF_PATENTS_WIPO (WIPO PCT, 9P50_1, MEASURE=AP)",2026-06-30
BRA,2019,632.1833,611.4,799.8895,"OECD Data Explorer / DSD_PATENTS@DF_PATENTS_WIPO (WIPO PCT, 9P50_1, MEASURE=AP)",2026-06-30
BRA,2020,622.15,619.3833,772.8405,"OECD Data Explorer / DSD_PATENTS@DF_PATENTS_WIPO (WIPO PCT, 9P50_1, MEASURE=AP)",2026-06-30
BRA,2021,605.1333,559.8333,748.7179,"OECD Data Explorer / DSD_PATENTS@DF_PATENTS_WIPO (WIPO PCT, 9P50_1, MEASURE=AP)",2026-06-30
BRA,2022,540.8333,511.9307,655.866,"OECD Data Explorer / DSD_PATENTS@DF_PATENTS_WIPO (WIPO PCT, 9P50_1, MEASURE=AP)",2026-06-30
BRA,2023,515.9069,,632.9759,"OECD Data Explorer / DSD_PATENTS@DF_PATENTS_WIPO (WIPO PCT, 9P50_1, MEASURE=AP)",2026-06-30
CAN,2012,2422.3938,2511.0833,2945.4915,"OECD Data Explorer / DSD_PATENTS@DF_PATENTS_WIPO (WIPO PCT, 9P50_1, MEASURE=AP)",2026-06-30
CAN,2013,2462.9944,2602.4053,3066.5398,"OECD Data Explorer / DSD_PATENTS@DF_PATENTS_WIPO (WIPO PCT, 9P50_1, MEASURE=AP)",2026-06-30
CAN,2014,2595.5439,2352.1733,3311.3333,"OECD Data Explorer / DSD_PATENTS@DF_PATENTS_WIPO (WIPO PCT, 9P50_1, MEASURE=AP)",2026-06-30
CAN,2015,2308.4065,2224.4839,3113.5996,"OECD Data Explorer / DSD_PATENTS@DF_PATENTS_WIPO (WIPO PCT, 9P50_1, MEASURE=AP)",2026-06-30
CAN,2016,2248.8728,2353.8167,3037.0022,"OECD Data Explorer / DSD_PATENTS@DF_PATENTS_WIPO (WIPO PCT, 9P50_1, MEASURE=AP)",2026-06-30
CAN,2017,2305.5217,2356.2678,2967.6353,"OECD Data Explorer / DSD_PATENTS@DF_PATENTS_WIPO (WIPO PCT, 9P50_1, MEASURE=AP)",2026-06-30
CAN,2018,2356.4236,2613.6929,2967.7803,"OECD Data Explorer / DSD_PATENTS@DF_PATENTS_WIPO (WIPO PCT, 9P50_1, MEASURE=AP)",2026-06-30
CAN,2019,2629.8345,2565.8706,3225.5593,"OECD Data Explorer / DSD_PATENTS@DF_PATENTS_WIPO (WIPO PCT, 9P50_1, MEASURE=AP)",2026-06-30
CAN,2020,2548.8457,2550.55,3186.5679,"OECD Data Explorer / DSD_PATENTS@DF_PATENTS_WIPO (WIPO PCT, 9P50_1, MEASURE=AP)",2026-06-30
CAN,2021,2558.8389,2545.1699,3329.6355,"OECD Data Explorer / DSD_PATENTS@DF_PATENTS_WIPO (WIPO PCT, 9P50_1, MEASURE=AP)",2026-06-30
CAN,2022,2549.9475,2365.9539,3452.5132,"OECD Data Explorer / DSD_PATENTS@DF_PATENTS_WIPO (WIPO PCT, 9P50_1, MEASURE=AP)",2026-06-30
CAN,2023,2360.1077,,3227.2964,"OECD Data Explorer / DSD_PATENTS@DF_PATENTS_WIPO (WIPO PCT, 9P50_1, MEASURE=AP)",2026-06-30
CHE,2012,4337.187,4426.5703,2528.5625,"OECD Data Explorer / DSD_PATENTS@DF_PATENTS_WIPO (WIPO PCT, 9P50_1, MEASURE=AP)",2026-06-30
CHE,2013,4441.0679,4174.3242,2629.4424,"OECD Data Explorer / DSD_PATENTS@DF_PATENTS_WIPO (WIPO PCT, 9P50_1, MEASURE=AP)",2026-06-30
CHE,2014,4202.9575,4420.9331,2446.8113,"OECD Data Explorer / DSD_PATENTS@DF_PATENTS_WIPO (WIPO PCT, 9P50_1, MEASURE=AP)",2026-06-30
CHE,2015,4327.5166,4438.5898,2388.3235,"OECD Data Explorer / DSD_PATENTS@DF_PATENTS_WIPO (WIPO PCT, 9P50_1, MEASURE=AP)",2026-06-30
CHE,2016,4377.29,4504.6929,2615.2842,"OECD Data Explorer / DSD_PATENTS@DF_PATENTS_WIPO (WIPO PCT, 9P50_1, MEASURE=AP)",2026-06-30
CHE,2017,4554.5767,4575.9487,2652.3369,"OECD Data Explorer / DSD_PATENTS@DF_PATENTS_WIPO (WIPO PCT, 9P50_1, MEASURE=AP)",2026-06-30
CHE,2018,4585.7905,4682.125,2737.4529,"OECD Data Explorer / DSD_PATENTS@DF_PATENTS_WIPO (WIPO PCT, 9P50_1, MEASURE=AP)",2026-06-30
CHE,2019,4624.5669,5082.7222,2892.5786,"OECD Data Explorer / DSD_PATENTS@DF_PATENTS_WIPO (WIPO PCT, 9P50_1, MEASURE=AP)",2026-06-30
CHE,2020,5129.5913,5300.8179,2803.3286,"OECD Data Explorer / DSD_PATENTS@DF_PATENTS_WIPO (WIPO PCT, 9P50_1, MEASURE=AP)",2026-06-30
CHE,2021,5329.1543,5317.8906,3097.0115,"OECD Data Explorer / DSD_PATENTS@DF_PATENTS_WIPO (WIPO PCT, 9P50_1, MEASURE=AP)",2026-06-30
CHE,2022,5316.5684,5279.7192,3004.3545,"OECD Data Explorer / DSD_PATENTS@DF_PATENTS_WIPO (WIPO PCT, 9P50_1, MEASURE=AP)",2026-06-30
CHE,2023,5304.3022,,3093.1169,"OECD Data Explorer / DSD_PATENTS@DF_PATENTS_WIPO (WIPO PCT, 9P50_1, MEASURE=AP)",2026-06-30
CHL,2012,114.5833,112.4167,131.528,"OECD Data Explorer / DSD_PATENTS@DF_PATENTS_WIPO (WIPO PCT, 9P50_1, MEASURE=AP)",2026-06-30
CHL,2013,129.75,127.3333,139.3455,"OECD Data Explorer / DSD_PATENTS@DF_PATENTS_WIPO (WIPO PCT, 9P50_1, MEASURE=AP)",2026-06-30
CHL,2014,126.5,154.8333,144.9929,"OECD Data Explorer / DSD_PATENTS@DF_PATENTS_WIPO (WIPO PCT, 9P50_1, MEASURE=AP)",2026-06-30
CHL,2015,139.8333,164.0,156.4726,"OECD Data Explorer / DSD_PATENTS@DF_PATENTS_WIPO (WIPO PCT, 9P50_1, MEASURE=AP)",2026-06-30
CHL,2016,179.0,144.6667,196.8583,"OECD Data Explorer / DSD_PATENTS@DF_PATENTS_WIPO (WIPO PCT, 9P50_1, MEASURE=AP)",2026-06-30
CHL,2017,143.1667,169.5,154.275,"OECD Data Explorer / DSD_PATENTS@DF_PATENTS_WIPO (WIPO PCT, 9P50_1, MEASURE=AP)",2026-06-30
CHL,2018,220.5,202.8333,225.6536,"OECD Data Explorer / DSD_PATENTS@DF_PATENTS_WIPO (WIPO PCT, 9P50_1, MEASURE=AP)",2026-06-30
CHL,2019,202.5,203.9333,212.254,"OECD Data Explorer / DSD_PATENTS@DF_PATENTS_WIPO (WIPO PCT, 9P50_1, MEASURE=AP)",2026-06-30
CHL,2020,216.1,194.0333,228.6536,"OECD Data Explorer / DSD_PATENTS@DF_PATENTS_WIPO (WIPO PCT, 9P50_1, MEASURE=AP)",2026-06-30
CHL,2021,155.4576,156.2576,161.454,"OECD Data Explorer / DSD_PATENTS@DF_PATENTS_WIPO (WIPO PCT, 9P50_1, MEASURE=AP)",2026-06-30
CHL,2022,170.8333,145.5833,186.9373,"OECD Data Explorer / DSD_PATENTS@DF_PATENTS_WIPO (WIPO PCT, 9P50_1, MEASURE=AP)",2026-06-30
CHL,2023,156.25,,173.9806,"OECD Data Explorer / DSD_PATENTS@DF_PATENTS_WIPO (WIPO PCT, 9P50_1, MEASURE=AP)",2026-06-30
COL,2012,67.5,70.4667,76.3012,"OECD Data Explorer / DSD_PATENTS@DF_PATENTS_WIPO (WIPO PCT, 9P50_1, MEASURE=AP)",2026-06-30
COL,2013,72.4667,100.9667,82.9976,"OECD Data Explorer / DSD_PATENTS@DF_PATENTS_WIPO (WIPO PCT, 9P50_1, MEASURE=AP)",2026-06-30
COL,2014,96.4667,79.981,104.7413,"OECD Data Explorer / DSD_PATENTS@DF_PATENTS_WIPO (WIPO PCT, 9P50_1, MEASURE=AP)",2026-06-30
COL,2015,75.981,82.0833,85.869,"OECD Data Explorer / DSD_PATENTS@DF_PATENTS_WIPO (WIPO PCT, 9P50_1, MEASURE=AP)",2026-06-30
COL,2016,86.0833,107.25,96.6167,"OECD Data Explorer / DSD_PATENTS@DF_PATENTS_WIPO (WIPO PCT, 9P50_1, MEASURE=AP)",2026-06-30
COL,2017,106.25,130.3333,114.0746,"OECD Data Explorer / DSD_PATENTS@DF_PATENTS_WIPO (WIPO PCT, 9P50_1, MEASURE=AP)",2026-06-30
COL,2018,140.6667,118.3333,150.1226,"OECD Data Explorer / DSD_PATENTS@DF_PATENTS_WIPO (WIPO PCT, 9P50_1, MEASURE=AP)",2026-06-30
COL,2019,118.0,117.5,131.3714,"OECD Data Explorer / DSD_PATENTS@DF_PATENTS_WIPO (WIPO PCT, 9P50_1, MEASURE=AP)",2026-06-30
COL,2020,118.3333,89.0333,125.1111,"OECD Data Explorer / DSD_PATENTS@DF_PATENTS_WIPO (WIPO PCT, 9P50_1, MEASURE=AP)",2026-06-30
COL,2021,85.7,107.0,92.5093,"OECD Data Explorer / DSD_PATENTS@DF_PATENTS_WIPO (WIPO PCT, 9P50_1, MEASURE=AP)",2026-06-30
COL,2022,106.0,105.7333,115.1992,"OECD Data Explorer / DSD_PATENTS@DF_PATENTS_WIPO (WIPO PCT, 9P50_1, MEASURE=AP)",2026-06-30
COL,2023,95.2333,,106.0083,"OECD Data Explorer / DSD_PATENTS@DF_PATENTS_WIPO (WIPO PCT, 9P50_1, MEASURE=AP)",2026-06-30
CRI,2012,4.3333,9.0,6.5298,"OECD Data Explorer / DSD_PATENTS@DF_PATENTS_WIPO (WIPO PCT, 9P50_1, MEASURE=AP)",2026-06-30
CRI,2013,10.0,7.0,11.1755,"OECD Data Explorer / DSD_PATENTS@DF_PATENTS_WIPO (WIPO PCT, 9P50_1, MEASURE=AP)",2026-06-30
CRI,2014,11.0,10.0,16.8056,"OECD Data Explorer / DSD_PATENTS@DF_PATENTS_WIPO (WIPO PCT, 9P50_1, MEASURE=AP)",2026-06-30
CRI,2015,6.0,6.0,22.5444,"OECD Data Explorer / DSD_PATENTS@DF_PATENTS_WIPO (WIPO PCT, 9P50_1, MEASURE=AP)",2026-06-30
CRI,2016,4.75,9.0833,6.5333,"OECD Data Explorer / DSD_PATENTS@DF_PATENTS_WIPO (WIPO PCT, 9P50_1, MEASURE=AP)",2026-06-30
CRI,2017,9.3333,15.5,13.254,"OECD Data Explorer / DSD_PATENTS@DF_PATENTS_WIPO (WIPO PCT, 9P50_1, MEASURE=AP)",2026-06-30
CRI,2018,13.5,7.0,16.8528,"OECD Data Explorer / DSD_PATENTS@DF_PATENTS_WIPO (WIPO PCT, 9P50_1, MEASURE=AP)",2026-06-30
CRI,2019,9.0,4.0,15.4032,"OECD Data Explorer / DSD_PATENTS@DF_PATENTS_WIPO (WIPO PCT, 9P50_1, MEASURE=AP)",2026-06-30
CRI,2020,9.0,9.0,19.9437,"OECD Data Explorer / DSD_PATENTS@DF_PATENTS_WIPO (WIPO PCT, 9P50_1, MEASURE=AP)",2026-06-30
CRI,2021,6.0,6.0,15.6595,"OECD Data Explorer / DSD_PATENTS@DF_PATENTS_WIPO (WIPO PCT, 9P50_1, MEASURE=AP)",2026-06-30
CRI,2022,3.0,3.3333,7.4588,"OECD Data Explorer / DSD_PATENTS@DF_PATENTS_WIPO (WIPO PCT, 9P50_1, MEASURE=AP)",2026-06-30
CRI,2023,3.3333,,16.7433,"OECD Data Explorer / DSD_PATENTS@DF_PATENTS_WIPO (WIPO PCT, 9P50_1, MEASURE=AP)",2026-06-30
CZE,2012,157.6111,175.7047,192.95,"OECD Data Explorer / DSD_PATENTS@DF_PATENTS_WIPO (WIPO PCT, 9P50_1, MEASURE=AP)",2026-06-30
CZE,2013,185.8436,205.2,225.9284,"OECD Data Explorer / DSD_PATENTS@DF_PATENTS_WIPO (WIPO PCT, 9P50_1, MEASURE=AP)",2026-06-30
CZE,2014,190.2,190.75,241.3383,"OECD Data Explorer / DSD_PATENTS@DF_PATENTS_WIPO (WIPO PCT, 9P50_1, MEASURE=AP)",2026-06-30
CZE,2015,194.3333,206.25,265.2562,"OECD Data Explorer / DSD_PATENTS@DF_PATENTS_WIPO (WIPO PCT, 9P50_1, MEASURE=AP)",2026-06-30
CZE,2016,196.6667,183.6667,252.928,"OECD Data Explorer / DSD_PATENTS@DF_PATENTS_WIPO (WIPO PCT, 9P50_1, MEASURE=AP)",2026-06-30
CZE,2017,183.6667,168.5417,227.7055,"OECD Data Explorer / DSD_PATENTS@DF_PATENTS_WIPO (WIPO PCT, 9P50_1, MEASURE=AP)",2026-06-30
CZE,2018,180.2083,169.6667,229.6464,"OECD Data Explorer / DSD_PATENTS@DF_PATENTS_WIPO (WIPO PCT, 9P50_1, MEASURE=AP)",2026-06-30
CZE,2019,178.0,193.3762,226.9129,"OECD Data Explorer / DSD_PATENTS@DF_PATENTS_WIPO (WIPO PCT, 9P50_1, MEASURE=AP)",2026-06-30
CZE,2020,201.2095,220.3667,261.2865,"OECD Data Explorer / DSD_PATENTS@DF_PATENTS_WIPO (WIPO PCT, 9P50_1, MEASURE=AP)",2026-06-30
CZE,2021,277.3667,269.9167,325.0337,"OECD Data Explorer / DSD_PATENTS@DF_PATENTS_WIPO (WIPO PCT, 9P50_1, MEASURE=AP)",2026-06-30
CZE,2022,242.5833,199.6667,305.9315,"OECD Data Explorer / DSD_PATENTS@DF_PATENTS_WIPO (WIPO PCT, 9P50_1, MEASURE=AP)",2026-06-30
CZE,2023,172.4242,,247.5222,"OECD Data Explorer / DSD_PATENTS@DF_PATENTS_WIPO (WIPO PCT, 9P50_1, MEASURE=AP)",2026-06-30
DEU,2012,18477.168,17708.619,18548.756,"OECD Data Explorer / DSD_PATENTS@DF_PATENTS_WIPO (WIPO PCT, 9P50_1, MEASURE=AP)",2026-06-30
DEU,2013,17494.285,17386.883,17820.738,"OECD Data Explorer / DSD_PATENTS@DF_PATENTS_WIPO (WIPO PCT, 9P50_1, MEASURE=AP)",2026-06-30
DEU,2014,17583.699,17503.213,17712.209,"OECD Data Explorer / DSD_PATENTS@DF_PATENTS_WIPO (WIPO PCT, 9P50_1, MEASURE=AP)",2026-06-30
DEU,2015,17480.963,17742.566,17865.063,"OECD Data Explorer / DSD_PATENTS@DF_PATENTS_WIPO (WIPO PCT, 9P50_1, MEASURE=AP)",2026-06-30
DEU,2016,17790.016,18350.309,18162.822,"OECD Data Explorer / DSD_PATENTS@DF_PATENTS_WIPO (WIPO PCT, 9P50_1, MEASURE=AP)",2026-06-30
DEU,2017,18456.209,19113.313,18868.064,"OECD Data Explorer / DSD_PATENTS@DF_PATENTS_WIPO (WIPO PCT, 9P50_1, MEASURE=AP)",2026-06-30
DEU,2018,19267.117,18934.307,19516.416,"OECD Data Explorer / DSD_PATENTS@DF_PATENTS_WIPO (WIPO PCT, 9P50_1, MEASURE=AP)",2026-06-30
DEU,2019,18894.285,18018.398,19039.941,"OECD Data Explorer / DSD_PATENTS@DF_PATENTS_WIPO (WIPO PCT, 9P50_1, MEASURE=AP)",2026-06-30
DEU,2020,17971.365,16891.561,18721.02,"OECD Data Explorer / DSD_PATENTS@DF_PATENTS_WIPO (WIPO PCT, 9P50_1, MEASURE=AP)",2026-06-30
DEU,2021,16894.945,17258.617,17775.287,"OECD Data Explorer / DSD_PATENTS@DF_PATENTS_WIPO (WIPO PCT, 9P50_1, MEASURE=AP)",2026-06-30
DEU,2022,17149.602,16651.961,17844.445,"OECD Data Explorer / DSD_PATENTS@DF_PATENTS_WIPO (WIPO PCT, 9P50_1, MEASURE=AP)",2026-06-30
DEU,2023,16629.811,,17071.338,"OECD Data Explorer / DSD_PATENTS@DF_PATENTS_WIPO (WIPO PCT, 9P50_1, MEASURE=AP)",2026-06-30
DNK,2012,1326.6523,1185.5909,1242.2882,"OECD Data Explorer / DSD_PATENTS@DF_PATENTS_WIPO (WIPO PCT, 9P50_1, MEASURE=AP)",2026-06-30
DNK,2013,1215.7576,1264.2122,1162.4059,"OECD Data Explorer / DSD_PATENTS@DF_PATENTS_WIPO (WIPO PCT, 9P50_1, MEASURE=AP)",2026-06-30
DNK,2014,1224.0455,1279.25,1190.3839,"OECD Data Explorer / DSD_PATENTS@DF_PATENTS_WIPO (WIPO PCT, 9P50_1, MEASURE=AP)",2026-06-30
DNK,2015,1286.25,1325.6909,1193.4291,"OECD Data Explorer / DSD_PATENTS@DF_PATENTS_WIPO (WIPO PCT, 9P50_1, MEASURE=AP)",2026-06-30
DNK,2016,1295.6909,1394.4333,1229.778,"OECD Data Explorer / DSD_PATENTS@DF_PATENTS_WIPO (WIPO PCT, 9P50_1, MEASURE=AP)",2026-06-30
DNK,2017,1402.6833,1449.8333,1317.1473,"OECD Data Explorer / DSD_PATENTS@DF_PATENTS_WIPO (WIPO PCT, 9P50_1, MEASURE=AP)",2026-06-30
DNK,2018,1436.9167,1432.25,1347.629,"OECD Data Explorer / DSD_PATENTS@DF_PATENTS_WIPO (WIPO PCT, 9P50_1, MEASURE=AP)",2026-06-30
DNK,2019,1423.1667,1531.8667,1377.6859,"OECD Data Explorer / DSD_PATENTS@DF_PATENTS_WIPO (WIPO PCT, 9P50_1, MEASURE=AP)",2026-06-30
DNK,2020,1558.2417,1562.675,1457.7152,"OECD Data Explorer / DSD_PATENTS@DF_PATENTS_WIPO (WIPO PCT, 9P50_1, MEASURE=AP)",2026-06-30
DNK,2021,1543.15,1479.5333,1541.3062,"OECD Data Explorer / DSD_PATENTS@DF_PATENTS_WIPO (WIPO PCT, 9P50_1, MEASURE=AP)",2026-06-30
DNK,2022,1474.9333,1490.3409,1513.7186,"OECD Data Explorer / DSD_PATENTS@DF_PATENTS_WIPO (WIPO PCT, 9P50_1, MEASURE=AP)",2026-06-30
DNK,2023,1493.1742,,1523.0461,"OECD Data Explorer / DSD_PATENTS@DF_PATENTS_WIPO (WIPO PCT, 9P50_1, MEASURE=AP)",2026-06-30
ESP,2012,1610.4476,1547.4921,1797.0186,"OECD Data Explorer / DSD_PATENTS@DF_PATENTS_WIPO (WIPO PCT, 9P50_1, MEASURE=AP)",2026-06-30
ESP,2013,1591.3397,1567.9622,1808.4615,"OECD Data Explorer / DSD_PATENTS@DF_PATENTS_WIPO (WIPO PCT, 9P50_1, MEASURE=AP)",2026-06-30
ESP,2014,1517.4788,1491.9984,1827.3401,"OECD Data Explorer / DSD_PATENTS@DF_PATENTS_WIPO (WIPO PCT, 9P50_1, MEASURE=AP)",2026-06-30
ESP,2015,1457.4817,1435.3754,1834.0449,"OECD Data Explorer / DSD_PATENTS@DF_PATENTS_WIPO (WIPO PCT, 9P50_1, MEASURE=AP)",2026-06-30
ESP,2016,1459.4587,1375.3,1841.1528,"OECD Data Explorer / DSD_PATENTS@DF_PATENTS_WIPO (WIPO PCT, 9P50_1, MEASURE=AP)",2026-06-30
ESP,2017,1359.7618,1394.4093,1667.6139,"OECD Data Explorer / DSD_PATENTS@DF_PATENTS_WIPO (WIPO PCT, 9P50_1, MEASURE=AP)",2026-06-30
ESP,2018,1424.6641,1511.5225,1792.9351,"OECD Data Explorer / DSD_PATENTS@DF_PATENTS_WIPO (WIPO PCT, 9P50_1, MEASURE=AP)",2026-06-30
ESP,2019,1476.639,1382.7036,1916.1786,"OECD Data Explorer / DSD_PATENTS@DF_PATENTS_WIPO (WIPO PCT, 9P50_1, MEASURE=AP)",2026-06-30
ESP,2020,1403.6202,1467.8412,1796.4846,"OECD Data Explorer / DSD_PATENTS@DF_PATENTS_WIPO (WIPO PCT, 9P50_1, MEASURE=AP)",2026-06-30
ESP,2021,1500.7079,1499.0333,1846.3688,"OECD Data Explorer / DSD_PATENTS@DF_PATENTS_WIPO (WIPO PCT, 9P50_1, MEASURE=AP)",2026-06-30
ESP,2022,1458.0,1410.6971,1760.8427,"OECD Data Explorer / DSD_PATENTS@DF_PATENTS_WIPO (WIPO PCT, 9P50_1, MEASURE=AP)",2026-06-30
ESP,2023,1417.0361,,1670.4734,"OECD Data Explorer / DSD_PATENTS@DF_PATENTS_WIPO (WIPO PCT, 9P50_1, MEASURE=AP)",2026-06-30
EST,2012,33.0,17.6667,35.4024,"OECD Data Explorer / DSD_PATENTS@DF_PATENTS_WIPO (WIPO PCT, 9P50_1, MEASURE=AP)",2026-06-30
EST,2013,18.1667,25.625,19.2024,"OECD Data Explorer / DSD_PATENTS@DF_PATENTS_WIPO (WIPO PCT, 9P50_1, MEASURE=AP)",2026-06-30
EST,2014,29.625,29.5,36.4151,"OECD Data Explorer / DSD_PATENTS@DF_PATENTS_WIPO (WIPO PCT, 9P50_1, MEASURE=AP)",2026-06-30
EST,2015,25.0,25.0833,34.4357,"OECD Data Explorer / DSD_PATENTS@DF_PATENTS_WIPO (WIPO PCT, 9P50_1, MEASURE=AP)",2026-06-30
EST,2016,24.0833,42.75,25.7889,"OECD Data Explorer / DSD_PATENTS@DF_PATENTS_WIPO (WIPO PCT, 9P50_1, MEASURE=AP)",2026-06-30
EST,2017,52.75,48.5,46.9621,"OECD Data Explorer / DSD_PATENTS@DF_PATENTS_WIPO (WIPO PCT, 9P50_1, MEASURE=AP)",2026-06-30
EST,2018,47.5,38.0,47.0106,"OECD Data Explorer / DSD_PATENTS@DF_PATENTS_WIPO (WIPO PCT, 9P50_1, MEASURE=AP)",2026-06-30
EST,2019,34.5,46.8333,41.9405,"OECD Data Explorer / DSD_PATENTS@DF_PATENTS_WIPO (WIPO PCT, 9P50_1, MEASURE=AP)",2026-06-30
EST,2020,49.8333,41.0,51.225,"OECD Data Explorer / DSD_PATENTS@DF_PATENTS_WIPO (WIPO PCT, 9P50_1, MEASURE=AP)",2026-06-30
EST,2021,50.3333,40.8333,48.7238,"OECD Data Explorer / DSD_PATENTS@DF_PATENTS_WIPO (WIPO PCT, 9P50_1, MEASURE=AP)",2026-06-30
EST,2022,29.0,31.5,30.5976,"OECD Data Explorer / DSD_PATENTS@DF_PATENTS_WIPO (WIPO PCT, 9P50_1, MEASURE=AP)",2026-06-30
EST,2023,31.0,,27.2167,"OECD Data Explorer / DSD_PATENTS@DF_PATENTS_WIPO (WIPO PCT, 9P50_1, MEASURE=AP)",2026-06-30
FIN,2012,2217.5332,2161.2832,1693.8365,"OECD Data Explorer / DSD_PATENTS@DF_PATENTS_WIPO (WIPO PCT, 9P50_1, MEASURE=AP)",2026-06-30
FIN,2013,2043.3833,1890.8955,1573.1215,"OECD Data Explorer / DSD_PATENTS@DF_PATENTS_WIPO (WIPO PCT, 9P50_1, MEASURE=AP)",2026-06-30
FIN,2014,1782.5955,1648.3333,1499.5967,"OECD Data Explorer / DSD_PATENTS@DF_PATENTS_WIPO (WIPO PCT, 9P50_1, MEASURE=AP)",2026-06-30
FIN,2015,1538.3333,1507.0,1351.3186,"OECD Data Explorer / DSD_PATENTS@DF_PATENTS_WIPO (WIPO PCT, 9P50_1, MEASURE=AP)",2026-06-30
FIN,2016,1493.5,1606.5667,1222.0725,"OECD Data Explorer / DSD_PATENTS@DF_PATENTS_WIPO (WIPO PCT, 9P50_1, MEASURE=AP)",2026-06-30
FIN,2017,1637.3167,1797.75,1355.141,"OECD Data Explorer / DSD_PATENTS@DF_PATENTS_WIPO (WIPO PCT, 9P50_1, MEASURE=AP)",2026-06-30
FIN,2018,1990.1667,1890.0833,1425.5201,"OECD Data Explorer / DSD_PATENTS@DF_PATENTS_WIPO (WIPO PCT, 9P50_1, MEASURE=AP)",2026-06-30
FIN,2019,1838.4167,1825.619,1366.3466,"OECD Data Explorer / DSD_PATENTS@DF_PATENTS_WIPO (WIPO PCT, 9P50_1, MEASURE=AP)",2026-06-30
FIN,2020,1862.119,2041.75,1343.3059,"OECD Data Explorer / DSD_PATENTS@DF_PATENTS_WIPO (WIPO PCT, 9P50_1, MEASURE=AP)",2026-06-30
FIN,2021,2132.5833,2117.2263,1486.7139,"OECD Data Explorer / DSD_PATENTS@DF_PATENTS_WIPO (WIPO PCT, 9P50_1, MEASURE=AP)",2026-06-30
FIN,2022,2056.0596,1934.0,1441.4301,"OECD Data Explorer / DSD_PATENTS@DF_PATENTS_WIPO (WIPO PCT, 9P50_1, MEASURE=AP)",2026-06-30
FIN,2023,1963.0833,,1337.4976,"OECD Data Explorer / DSD_PATENTS@DF_PATENTS_WIPO (WIPO PCT, 9P50_1, MEASURE=AP)",2026-06-30
FRA,2012,7993.938,8033.9536,7739.1211,"OECD Data Explorer / DSD_PATENTS@DF_PATENTS_WIPO (WIPO PCT, 9P50_1, MEASURE=AP)",2026-06-30
FRA,2013,8000.77,8399.6143,7752.894,"OECD Data Explorer / DSD_PATENTS@DF_PATENTS_WIPO (WIPO PCT, 9P50_1, MEASURE=AP)",2026-06-30
FRA,2014,8342.293,8562.918,7978.5625,"OECD Data Explorer / DSD_PATENTS@DF_PATENTS_WIPO (WIPO PCT, 9P50_1, MEASURE=AP)",2026-06-30
FRA,2015,8598.6016,8326.9404,8206.3184,"OECD Data Explorer / DSD_PATENTS@DF_PATENTS_WIPO (WIPO PCT, 9P50_1, MEASURE=AP)",2026-06-30
FRA,2016,8249.707,7773.5874,8038.2563,"OECD Data Explorer / DSD_PATENTS@DF_PATENTS_WIPO (WIPO PCT, 9P50_1, MEASURE=AP)",2026-06-30
FRA,2017,7863.7207,7887.1284,7758.3403,"OECD Data Explorer / DSD_PATENTS@DF_PATENTS_WIPO (WIPO PCT, 9P50_1, MEASURE=AP)",2026-06-30
FRA,2018,7862.4927,7807.7041,7907.958,"OECD Data Explorer / DSD_PATENTS@DF_PATENTS_WIPO (WIPO PCT, 9P50_1, MEASURE=AP)",2026-06-30
FRA,2019,7852.1064,7683.3105,7889.2656,"OECD Data Explorer / DSD_PATENTS@DF_PATENTS_WIPO (WIPO PCT, 9P50_1, MEASURE=AP)",2026-06-30
FRA,2020,7774.2251,7357.6963,7836.9395,"OECD Data Explorer / DSD_PATENTS@DF_PATENTS_WIPO (WIPO PCT, 9P50_1, MEASURE=AP)",2026-06-30
FRA,2021,7311.7988,7715.4785,7395.8325,"OECD Data Explorer / DSD_PATENTS@DF_PATENTS_WIPO (WIPO PCT, 9P50_1, MEASURE=AP)",2026-06-30
FRA,2022,7678.2549,7872.8188,7666.019,"OECD Data Explorer / DSD_PATENTS@DF_PATENTS_WIPO (WIPO PCT, 9P50_1, MEASURE=AP)",2026-06-30
FRA,2023,7939.7783,,7910.6499,"OECD Data Explorer / DSD_PATENTS@DF_PATENTS_WIPO (WIPO PCT, 9P50_1, MEASURE=AP)",2026-06-30
GBR,2012,4699.8062,4701.6138,5827.1743,"OECD Data Explorer / DSD_PATENTS@DF_PATENTS_WIPO (WIPO PCT, 9P50_1, MEASURE=AP)",2026-06-30
GBR,2013,4735.0464,5102.395,5818.4678,"OECD Data Explorer / DSD_PATENTS@DF_PATENTS_WIPO (WIPO PCT, 9P50_1, MEASURE=AP)",2026-06-30
GBR,2014,5098.0278,5183.0103,6471.1416,"OECD Data Explorer / DSD_PATENTS@DF_PATENTS_WIPO (WIPO PCT, 9P50_1, MEASURE=AP)",2026-06-30
GBR,2015,5159.853,5307.6582,6315.0776,"OECD Data Explorer / DSD_PATENTS@DF_PATENTS_WIPO (WIPO PCT, 9P50_1, MEASURE=AP)",2026-06-30
GBR,2016,5359.625,5477.5928,6302.6494,"OECD Data Explorer / DSD_PATENTS@DF_PATENTS_WIPO (WIPO PCT, 9P50_1, MEASURE=AP)",2026-06-30
GBR,2017,5427.8208,5395.7227,6201.4692,"OECD Data Explorer / DSD_PATENTS@DF_PATENTS_WIPO (WIPO PCT, 9P50_1, MEASURE=AP)",2026-06-30
GBR,2018,5430.7783,5589.8022,6357.7432,"OECD Data Explorer / DSD_PATENTS@DF_PATENTS_WIPO (WIPO PCT, 9P50_1, MEASURE=AP)",2026-06-30
GBR,2019,5586.0859,5756.4907,6450.3594,"OECD Data Explorer / DSD_PATENTS@DF_PATENTS_WIPO (WIPO PCT, 9P50_1, MEASURE=AP)",2026-06-30
GBR,2020,5779.1909,5809.6152,6512.8496,"OECD Data Explorer / DSD_PATENTS@DF_PATENTS_WIPO (WIPO PCT, 9P50_1, MEASURE=AP)",2026-06-30
GBR,2021,5819.5488,5741.9702,6538.5698,"OECD Data Explorer / DSD_PATENTS@DF_PATENTS_WIPO (WIPO PCT, 9P50_1, MEASURE=AP)",2026-06-30
GBR,2022,5700.3535,5546.1138,6324.4277,"OECD Data Explorer / DSD_PATENTS@DF_PATENTS_WIPO (WIPO PCT, 9P50_1, MEASURE=AP)",2026-06-30
GBR,2023,5574.8184,,6267.5645,"OECD Data Explorer / DSD_PATENTS@DF_PATENTS_WIPO (WIPO PCT, 9P50_1, MEASURE=AP)",2026-06-30
GRC,2012,77.1111,87.6111,100.9172,"OECD Data Explorer / DSD_PATENTS@DF_PATENTS_WIPO (WIPO PCT, 9P50_1, MEASURE=AP)",2026-06-30
GRC,2013,86.5,91.7955,115.7857,"OECD Data Explorer / DSD_PATENTS@DF_PATENTS_WIPO (WIPO PCT, 9P50_1, MEASURE=AP)",2026-06-30
GRC,2014,93.7955,98.2333,116.7416,"OECD Data Explorer / DSD_PATENTS@DF_PATENTS_WIPO (WIPO PCT, 9P50_1, MEASURE=AP)",2026-06-30
GRC,2015,92.2333,95.0417,119.9395,"OECD Data Explorer / DSD_PATENTS@DF_PATENTS_WIPO (WIPO PCT, 9P50_1, MEASURE=AP)",2026-06-30
GRC,2016,94.5417,91.3333,109.281,"OECD Data Explorer / DSD_PATENTS@DF_PATENTS_WIPO (WIPO PCT, 9P50_1, MEASURE=AP)",2026-06-30
GRC,2017,93.3333,94.3373,127.5385,"OECD Data Explorer / DSD_PATENTS@DF_PATENTS_WIPO (WIPO PCT, 9P50_1, MEASURE=AP)",2026-06-30
GRC,2018,98.3373,121.75,133.104,"OECD Data Explorer / DSD_PATENTS@DF_PATENTS_WIPO (WIPO PCT, 9P50_1, MEASURE=AP)",2026-06-30
GRC,2019,114.5833,94.125,155.2552,"OECD Data Explorer / DSD_PATENTS@DF_PATENTS_WIPO (WIPO PCT, 9P50_1, MEASURE=AP)",2026-06-30
GRC,2020,93.7917,88.75,124.622,"OECD Data Explorer / DSD_PATENTS@DF_PATENTS_WIPO (WIPO PCT, 9P50_1, MEASURE=AP)",2026-06-30
GRC,2021,86.75,117.7167,121.7917,"OECD Data Explorer / DSD_PATENTS@DF_PATENTS_WIPO (WIPO PCT, 9P50_1, MEASURE=AP)",2026-06-30
GRC,2022,129.7167,101.75,163.0714,"OECD Data Explorer / DSD_PATENTS@DF_PATENTS_WIPO (WIPO PCT, 9P50_1, MEASURE=AP)",2026-06-30
GRC,2023,101.75,,131.4245,"OECD Data Explorer / DSD_PATENTS@DF_PATENTS_WIPO (WIPO PCT, 9P50_1, MEASURE=AP)",2026-06-30
HKG,2012,410.1071,419.2143,371.1197,"OECD Data Explorer / DSD_PATENTS@DF_PATENTS_WIPO (WIPO PCT, 9P50_1, MEASURE=AP)",2026-06-30
HKG,2013,418.65,504.9833,385.8778,"OECD Data Explorer / DSD_PATENTS@DF_PATENTS_WIPO (WIPO PCT, 9P50_1, MEASURE=AP)",2026-06-30
HKG,2014,534.6667,594.4167,430.083,"OECD Data Explorer / DSD_PATENTS@DF_PATENTS_WIPO (WIPO PCT, 9P50_1, MEASURE=AP)",2026-06-30
HKG,2015,611.5,634.9167,492.6405,"OECD Data Explorer / DSD_PATENTS@DF_PATENTS_WIPO (WIPO PCT, 9P50_1, MEASURE=AP)",2026-06-30
HKG,2016,735.9167,875.8667,642.2579,"OECD Data Explorer / DSD_PATENTS@DF_PATENTS_WIPO (WIPO PCT, 9P50_1, MEASURE=AP)",2026-06-30
HKG,2017,833.9,820.1333,643.0382,"OECD Data Explorer / DSD_PATENTS@DF_PATENTS_WIPO (WIPO PCT, 9P50_1, MEASURE=AP)",2026-06-30
HKG,2018,835.1,900.3429,643.931,"OECD Data Explorer / DSD_PATENTS@DF_PATENTS_WIPO (WIPO PCT, 9P50_1, MEASURE=AP)",2026-06-30
HKG,2019,935.0095,921.0714,565.3885,"OECD Data Explorer / DSD_PATENTS@DF_PATENTS_WIPO (WIPO PCT, 9P50_1, MEASURE=AP)",2026-06-30
HKG,2020,905.8214,854.2341,553.5547,"OECD Data Explorer / DSD_PATENTS@DF_PATENTS_WIPO (WIPO PCT, 9P50_1, MEASURE=AP)",2026-06-30
HKG,2021,1246.5674,1388.5833,591.4965,"OECD Data Explorer / DSD_PATENTS@DF_PATENTS_WIPO (WIPO PCT, 9P50_1, MEASURE=AP)",2026-06-30
HKG,2022,1897.9167,1890.1429,538.8971,"OECD Data Explorer / DSD_PATENTS@DF_PATENTS_WIPO (WIPO PCT, 9P50_1, MEASURE=AP)",2026-06-30
HKG,2023,1336.8094,,578.8706,"OECD Data Explorer / DSD_PATENTS@DF_PATENTS_WIPO (WIPO PCT, 9P50_1, MEASURE=AP)",2026-06-30
HUN,2012,146.8333,145.3333,264.6873,"OECD Data Explorer / DSD_PATENTS@DF_PATENTS_WIPO (WIPO PCT, 9P50_1, MEASURE=AP)",2026-06-30
HUN,2013,153.8333,148.8333,239.01,"OECD Data Explorer / DSD_PATENTS@DF_PATENTS_WIPO (WIPO PCT, 9P50_1, MEASURE=AP)",2026-06-30
HUN,2014,148.8333,132.5,246.6925,"OECD Data Explorer / DSD_PATENTS@DF_PATENTS_WIPO (WIPO PCT, 9P50_1, MEASURE=AP)",2026-06-30
HUN,2015,132.3,161.3333,252.8825,"OECD Data Explorer / DSD_PATENTS@DF_PATENTS_WIPO (WIPO PCT, 9P50_1, MEASURE=AP)",2026-06-30
HUN,2016,164.2833,144.3333,285.6253,"OECD Data Explorer / DSD_PATENTS@DF_PATENTS_WIPO (WIPO PCT, 9P50_1, MEASURE=AP)",2026-06-30
HUN,2017,136.9583,133.875,266.5387,"OECD Data Explorer / DSD_PATENTS@DF_PATENTS_WIPO (WIPO PCT, 9P50_1, MEASURE=AP)",2026-06-30
HUN,2018,140.0,143.6667,234.5662,"OECD Data Explorer / DSD_PATENTS@DF_PATENTS_WIPO (WIPO PCT, 9P50_1, MEASURE=AP)",2026-06-30
HUN,2019,140.1667,128.9643,307.3086,"OECD Data Explorer / DSD_PATENTS@DF_PATENTS_WIPO (WIPO PCT, 9P50_1, MEASURE=AP)",2026-06-30
HUN,2020,118.4643,104.3333,248.537,"OECD Data Explorer / DSD_PATENTS@DF_PATENTS_WIPO (WIPO PCT, 9P50_1, MEASURE=AP)",2026-06-30
HUN,2021,103.6667,129.9048,247.5242,"OECD Data Explorer / DSD_PATENTS@DF_PATENTS_WIPO (WIPO PCT, 9P50_1, MEASURE=AP)",2026-06-30
HUN,2022,136.8214,134.4833,282.1538,"OECD Data Explorer / DSD_PATENTS@DF_PATENTS_WIPO (WIPO PCT, 9P50_1, MEASURE=AP)",2026-06-30
HUN,2023,140.4833,,271.4602,"OECD Data Explorer / DSD_PATENTS@DF_PATENTS_WIPO (WIPO PCT, 9P50_1, MEASURE=AP)",2026-06-30
IDN,2012,14.6667,19.8583,26.5623,"OECD Data Explorer / DSD_PATENTS@DF_PATENTS_WIPO (WIPO PCT, 9P50_1, MEASURE=AP)",2026-06-30
IDN,2013,15.8583,13.0,22.2417,"OECD Data Explorer / DSD_PATENTS@DF_PATENTS_WIPO (WIPO PCT, 9P50_1, MEASURE=AP)",2026-06-30
IDN,2014,13.0,4.3333,28.8944,"OECD Data Explorer / DSD_PATENTS@DF_PATENTS_WIPO (WIPO PCT, 9P50_1, MEASURE=AP)",2026-06-30
IDN,2015,7.3333,10.5,12.7083,"OECD Data Explorer / DSD_PATENTS@DF_PATENTS_WIPO (WIPO PCT, 9P50_1, MEASURE=AP)",2026-06-30
IDN,2016,7.5,6.75,17.0,"OECD Data Explorer / DSD_PATENTS@DF_PATENTS_WIPO (WIPO PCT, 9P50_1, MEASURE=AP)",2026-06-30
IDN,2017,7.75,8.2,14.1994,"OECD Data Explorer / DSD_PATENTS@DF_PATENTS_WIPO (WIPO PCT, 9P50_1, MEASURE=AP)",2026-06-30
IDN,2018,7.7,6.8333,15.5516,"OECD Data Explorer / DSD_PATENTS@DF_PATENTS_WIPO (WIPO PCT, 9P50_1, MEASURE=AP)",2026-06-30
IDN,2019,6.6667,17.75,13.8595,"OECD Data Explorer / DSD_PATENTS@DF_PATENTS_WIPO (WIPO PCT, 9P50_1, MEASURE=AP)",2026-06-30
IDN,2020,16.4167,4.6667,22.4,"OECD Data Explorer / DSD_PATENTS@DF_PATENTS_WIPO (WIPO PCT, 9P50_1, MEASURE=AP)",2026-06-30
IDN,2021,7.6667,7.0,16.3036,"OECD Data Explorer / DSD_PATENTS@DF_PATENTS_WIPO (WIPO PCT, 9P50_1, MEASURE=AP)",2026-06-30
IDN,2022,9.0,12.0,23.5595,"OECD Data Explorer / DSD_PATENTS@DF_PATENTS_WIPO (WIPO PCT, 9P50_1, MEASURE=AP)",2026-06-30
IDN,2023,104.75,,102.1115,"OECD Data Explorer / DSD_PATENTS@DF_PATENTS_WIPO (WIPO PCT, 9P50_1, MEASURE=AP)",2026-06-30
IRL,2012,545.4922,550.9286,416.476,"OECD Data Explorer / DSD_PATENTS@DF_PATENTS_WIPO (WIPO PCT, 9P50_1, MEASURE=AP)",2026-06-30
IRL,2013,555.0,554.8333,375.018,"OECD Data Explorer / DSD_PATENTS@DF_PATENTS_WIPO (WIPO PCT, 9P50_1, MEASURE=AP)",2026-06-30
IRL,2014,571.8333,597.1262,407.0861,"OECD Data Explorer / DSD_PATENTS@DF_PATENTS_WIPO (WIPO PCT, 9P50_1, MEASURE=AP)",2026-06-30
IRL,2015,598.4595,650.6167,420.953,"OECD Data Explorer / DSD_PATENTS@DF_PATENTS_WIPO (WIPO PCT, 9P50_1, MEASURE=AP)",2026-06-30
IRL,2016,646.6167,693.5583,446.6557,"OECD Data Explorer / DSD_PATENTS@DF_PATENTS_WIPO (WIPO PCT, 9P50_1, MEASURE=AP)",2026-06-30
IRL,2017,704.5583,666.604,496.63,"OECD Data Explorer / DSD_PATENTS@DF_PATENTS_WIPO (WIPO PCT, 9P50_1, MEASURE=AP)",2026-06-30
IRL,2018,650.7706,693.4583,433.6727,"OECD Data Explorer / DSD_PATENTS@DF_PATENTS_WIPO (WIPO PCT, 9P50_1, MEASURE=AP)",2026-06-30
IRL,2019,704.9583,773.9333,399.8666,"OECD Data Explorer / DSD_PATENTS@DF_PATENTS_WIPO (WIPO PCT, 9P50_1, MEASURE=AP)",2026-06-30
IRL,2020,783.1,925.7,451.1029,"OECD Data Explorer / DSD_PATENTS@DF_PATENTS_WIPO (WIPO PCT, 9P50_1, MEASURE=AP)",2026-06-30
IRL,2021,946.5333,792.4333,554.5803,"OECD Data Explorer / DSD_PATENTS@DF_PATENTS_WIPO (WIPO PCT, 9P50_1, MEASURE=AP)",2026-06-30
IRL,2022,803.5167,804.1333,475.6779,"OECD Data Explorer / DSD_PATENTS@DF_PATENTS_WIPO (WIPO PCT, 9P50_1, MEASURE=AP)",2026-06-30
IRL,2023,786.05,,493.5534,"OECD Data Explorer / DSD_PATENTS@DF_PATENTS_WIPO (WIPO PCT, 9P50_1, MEASURE=AP)",2026-06-30
ISL,2012,37.0,44.75,32.4917,"OECD Data Explorer / DSD_PATENTS@DF_PATENTS_WIPO (WIPO PCT, 9P50_1, MEASURE=AP)",2026-06-30
ISL,2013,43.75,45.0,32.6167,"OECD Data Explorer / DSD_PATENTS@DF_PATENTS_WIPO (WIPO PCT, 9P50_1, MEASURE=AP)",2026-06-30
ISL,2014,45.0,44.0,34.5167,"OECD Data Explorer / DSD_PATENTS@DF_PATENTS_WIPO (WIPO PCT, 9P50_1, MEASURE=AP)",2026-06-30
ISL,2015,44.0,53.0,36.3333,"OECD Data Explorer / DSD_PATENTS@DF_PATENTS_WIPO (WIPO PCT, 9P50_1, MEASURE=AP)",2026-06-30
ISL,2016,53.0,37.25,39.6611,"OECD Data Explorer / DSD_PATENTS@DF_PATENTS_WIPO (WIPO PCT, 9P50_1, MEASURE=AP)",2026-06-30
ISL,2017,37.25,50.5,30.5873,"OECD Data Explorer / DSD_PATENTS@DF_PATENTS_WIPO (WIPO PCT, 9P50_1, MEASURE=AP)",2026-06-30
ISL,2018,50.5,36.0,45.3333,"OECD Data Explorer / DSD_PATENTS@DF_PATENTS_WIPO (WIPO PCT, 9P50_1, MEASURE=AP)",2026-06-30
ISL,2019,39.0,48.1667,39.3155,"OECD Data Explorer / DSD_PATENTS@DF_PATENTS_WIPO (WIPO PCT, 9P50_1, MEASURE=AP)",2026-06-30
ISL,2020,46.1667,33.5,41.8,"OECD Data Explorer / DSD_PATENTS@DF_PATENTS_WIPO (WIPO PCT, 9P50_1, MEASURE=AP)",2026-06-30
ISL,2021,33.5,38.3333,28.3667,"OECD Data Explorer / DSD_PATENTS@DF_PATENTS_WIPO (WIPO PCT, 9P50_1, MEASURE=AP)",2026-06-30
ISL,2022,38.3333,46.5,38.675,"OECD Data Explorer / DSD_PATENTS@DF_PATENTS_WIPO (WIPO PCT, 9P50_1, MEASURE=AP)",2026-06-30
ISL,2023,45.5,,41.8571,"OECD Data Explorer / DSD_PATENTS@DF_PATENTS_WIPO (WIPO PCT, 9P50_1, MEASURE=AP)",2026-06-30
ISR,2012,1321.2833,1524.0002,1716.0732,"OECD Data Explorer / DSD_PATENTS@DF_PATENTS_WIPO (WIPO PCT, 9P50_1, MEASURE=AP)",2026-06-30
ISR,2013,1542.7086,1532.5061,2075.2427,"OECD Data Explorer / DSD_PATENTS@DF_PATENTS_WIPO (WIPO PCT, 9P50_1, MEASURE=AP)",2026-06-30
ISR,2014,1527.2061,1634.7083,1947.2769,"OECD Data Explorer / DSD_PATENTS@DF_PATENTS_WIPO (WIPO PCT, 9P50_1, MEASURE=AP)",2026-06-30
ISR,2015,1643.4583,1776.5667,2103.6819,"OECD Data Explorer / DSD_PATENTS@DF_PATENTS_WIPO (WIPO PCT, 9P50_1, MEASURE=AP)",2026-06-30
ISR,2016,1771.8167,1765.2667,2185.572,"OECD Data Explorer / DSD_PATENTS@DF_PATENTS_WIPO (WIPO PCT, 9P50_1, MEASURE=AP)",2026-06-30
ISR,2017,1779.4333,1828.6964,2262.5818,"OECD Data Explorer / DSD_PATENTS@DF_PATENTS_WIPO (WIPO PCT, 9P50_1, MEASURE=AP)",2026-06-30
ISR,2018,1825.8632,1939.0739,2134.3003,"OECD Data Explorer / DSD_PATENTS@DF_PATENTS_WIPO (WIPO PCT, 9P50_1, MEASURE=AP)",2026-06-30
ISR,2019,1958.7821,1911.344,2204.8306,"OECD Data Explorer / DSD_PATENTS@DF_PATENTS_WIPO (WIPO PCT, 9P50_1, MEASURE=AP)",2026-06-30
ISR,2020,1884.5881,2081.5178,2145.064,"OECD Data Explorer / DSD_PATENTS@DF_PATENTS_WIPO (WIPO PCT, 9P50_1, MEASURE=AP)",2026-06-30
ISR,2021,2088.1487,1964.6083,2395.563,"OECD Data Explorer / DSD_PATENTS@DF_PATENTS_WIPO (WIPO PCT, 9P50_1, MEASURE=AP)",2026-06-30
ISR,2022,1933.8583,1832.2571,2155.6914,"OECD Data Explorer / DSD_PATENTS@DF_PATENTS_WIPO (WIPO PCT, 9P50_1, MEASURE=AP)",2026-06-30
ISR,2023,1853.0613,,2095.5591,"OECD Data Explorer / DSD_PATENTS@DF_PATENTS_WIPO (WIPO PCT, 9P50_1, MEASURE=AP)",2026-06-30
ITA,2012,2800.3235,2785.3223,3260.3887,"OECD Data Explorer / DSD_PATENTS@DF_PATENTS_WIPO (WIPO PCT, 9P50_1, MEASURE=AP)",2026-06-30
ITA,2013,2791.1001,3002.3364,3332.8269,"OECD Data Explorer / DSD_PATENTS@DF_PATENTS_WIPO (WIPO PCT, 9P50_1, MEASURE=AP)",2026-06-30
ITA,2014,2983.5864,3027.0417,3466.1968,"OECD Data Explorer / DSD_PATENTS@DF_PATENTS_WIPO (WIPO PCT, 9P50_1, MEASURE=AP)",2026-06-30
ITA,2015,3032.4583,3213.9778,3499.8125,"OECD Data Explorer / DSD_PATENTS@DF_PATENTS_WIPO (WIPO PCT, 9P50_1, MEASURE=AP)",2026-06-30
ITA,2016,3196.8943,3178.3,3650.2168,"OECD Data Explorer / DSD_PATENTS@DF_PATENTS_WIPO (WIPO PCT, 9P50_1, MEASURE=AP)",2026-06-30
ITA,2017,3148.3833,3217.9131,3603.616,"OECD Data Explorer / DSD_PATENTS@DF_PATENTS_WIPO (WIPO PCT, 9P50_1, MEASURE=AP)",2026-06-30
ITA,2018,3177.2463,3322.6826,3601.7759,"OECD Data Explorer / DSD_PATENTS@DF_PATENTS_WIPO (WIPO PCT, 9P50_1, MEASURE=AP)",2026-06-30
ITA,2019,3310.1326,3345.9106,3788.5222,"OECD Data Explorer / DSD_PATENTS@DF_PATENTS_WIPO (WIPO PCT, 9P50_1, MEASURE=AP)",2026-06-30
ITA,2020,3344.0249,3456.7988,3759.8831,"OECD Data Explorer / DSD_PATENTS@DF_PATENTS_WIPO (WIPO PCT, 9P50_1, MEASURE=AP)",2026-06-30
ITA,2021,3509.7678,3421.4524,3965.3733,"OECD Data Explorer / DSD_PATENTS@DF_PATENTS_WIPO (WIPO PCT, 9P50_1, MEASURE=AP)",2026-06-30
ITA,2022,3282.9189,3046.7314,3777.1523,"OECD Data Explorer / DSD_PATENTS@DF_PATENTS_WIPO (WIPO PCT, 9P50_1, MEASURE=AP)",2026-06-30
ITA,2023,3059.1482,,3483.8999,"OECD Data Explorer / DSD_PATENTS@DF_PATENTS_WIPO (WIPO PCT, 9P50_1, MEASURE=AP)",2026-06-30
JPN,2012,43105.816,43517.09,43099.848,"OECD Data Explorer / DSD_PATENTS@DF_PATENTS_WIPO (WIPO PCT, 9P50_1, MEASURE=AP)",2026-06-30
JPN,2013,43224.125,42083.59,43172.098,"OECD Data Explorer / DSD_PATENTS@DF_PATENTS_WIPO (WIPO PCT, 9P50_1, MEASURE=AP)",2026-06-30
JPN,2014,41952.324,43032.961,41621.293,"OECD Data Explorer / DSD_PATENTS@DF_PATENTS_WIPO (WIPO PCT, 9P50_1, MEASURE=AP)",2026-06-30
JPN,2015,43820.895,44104.441,43399.301,"OECD Data Explorer / DSD_PATENTS@DF_PATENTS_WIPO (WIPO PCT, 9P50_1, MEASURE=AP)",2026-06-30
JPN,2016,44923.492,46673.09,44526.695,"OECD Data Explorer / DSD_PATENTS@DF_PATENTS_WIPO (WIPO PCT, 9P50_1, MEASURE=AP)",2026-06-30
JPN,2017,47910.707,49097.148,47297.117,"OECD Data Explorer / DSD_PATENTS@DF_PATENTS_WIPO (WIPO PCT, 9P50_1, MEASURE=AP)",2026-06-30
JPN,2018,49216.184,51406.699,48067.012,"OECD Data Explorer / DSD_PATENTS@DF_PATENTS_WIPO (WIPO PCT, 9P50_1, MEASURE=AP)",2026-06-30
JPN,2019,52299.316,49690.113,49559.832,"OECD Data Explorer / DSD_PATENTS@DF_PATENTS_WIPO (WIPO PCT, 9P50_1, MEASURE=AP)",2026-06-30
JPN,2020,50218.578,48416.75,47270.711,"OECD Data Explorer / DSD_PATENTS@DF_PATENTS_WIPO (WIPO PCT, 9P50_1, MEASURE=AP)",2026-06-30
JPN,2021,49677.051,50047.883,46742.855,"OECD Data Explorer / DSD_PATENTS@DF_PATENTS_WIPO (WIPO PCT, 9P50_1, MEASURE=AP)",2026-06-30
JPN,2022,50222.496,49368.535,46963.938,"OECD Data Explorer / DSD_PATENTS@DF_PATENTS_WIPO (WIPO PCT, 9P50_1, MEASURE=AP)",2026-06-30
JPN,2023,48722.121,,45387.688,"OECD Data Explorer / DSD_PATENTS@DF_PATENTS_WIPO (WIPO PCT, 9P50_1, MEASURE=AP)",2026-06-30
KOR,2012,11082.75,11515.776,11034.646,"OECD Data Explorer / DSD_PATENTS@DF_PATENTS_WIPO (WIPO PCT, 9P50_1, MEASURE=AP)",2026-06-30
KOR,2013,11765.01,12245.578,11609.832,"OECD Data Explorer / DSD_PATENTS@DF_PATENTS_WIPO (WIPO PCT, 9P50_1, MEASURE=AP)",2026-06-30
KOR,2014,12455.012,13425.733,12333.549,"OECD Data Explorer / DSD_PATENTS@DF_PATENTS_WIPO (WIPO PCT, 9P50_1, MEASURE=AP)",2026-06-30
KOR,2015,13776.167,14629.167,13556.365,"OECD Data Explorer / DSD_PATENTS@DF_PATENTS_WIPO (WIPO PCT, 9P50_1, MEASURE=AP)",2026-06-30
KOR,2016,14797.983,15132.326,14614.64,"OECD Data Explorer / DSD_PATENTS@DF_PATENTS_WIPO (WIPO PCT, 9P50_1, MEASURE=AP)",2026-06-30
KOR,2017,14949.076,15892.563,14845.902,"OECD Data Explorer / DSD_PATENTS@DF_PATENTS_WIPO (WIPO PCT, 9P50_1, MEASURE=AP)",2026-06-30
KOR,2018,16127.813,17478.867,16014.162,"OECD Data Explorer / DSD_PATENTS@DF_PATENTS_WIPO (WIPO PCT, 9P50_1, MEASURE=AP)",2026-06-30
KOR,2019,18327.117,18939.232,18190.586,"OECD Data Explorer / DSD_PATENTS@DF_PATENTS_WIPO (WIPO PCT, 9P50_1, MEASURE=AP)",2026-06-30
KOR,2020,19280.15,20652.9,19063.33,"OECD Data Explorer / DSD_PATENTS@DF_PATENTS_WIPO (WIPO PCT, 9P50_1, MEASURE=AP)",2026-06-30
KOR,2021,20224.732,21592.732,19847.123,"OECD Data Explorer / DSD_PATENTS@DF_PATENTS_WIPO (WIPO PCT, 9P50_1, MEASURE=AP)",2026-06-30
KOR,2022,21562.066,21805.676,21049.791,"OECD Data Explorer / DSD_PATENTS@DF_PATENTS_WIPO (WIPO PCT, 9P50_1, MEASURE=AP)",2026-06-30
KOR,2023,21867.354,,21153.686,"OECD Data Explorer / DSD_PATENTS@DF_PATENTS_WIPO (WIPO PCT, 9P50_1, MEASURE=AP)",2026-06-30
LTU,2012,29.5,44.3,28.8,"OECD Data Explorer / DSD_PATENTS@DF_PATENTS_WIPO (WIPO PCT, 9P50_1, MEASURE=AP)",2026-06-30
LTU,2013,41.6333,48.0833,42.8516,"OECD Data Explorer / DSD_PATENTS@DF_PATENTS_WIPO (WIPO PCT, 9P50_1, MEASURE=AP)",2026-06-30
LTU,2014,49.9167,48.5,47.6917,"OECD Data Explorer / DSD_PATENTS@DF_PATENTS_WIPO (WIPO PCT, 9P50_1, MEASURE=AP)",2026-06-30
LTU,2015,42.8333,29.0,40.8619,"OECD Data Explorer / DSD_PATENTS@DF_PATENTS_WIPO (WIPO PCT, 9P50_1, MEASURE=AP)",2026-06-30
LTU,2016,26.5,31.5,26.4714,"OECD Data Explorer / DSD_PATENTS@DF_PATENTS_WIPO (WIPO PCT, 9P50_1, MEASURE=AP)",2026-06-30
LTU,2017,27.75,31.6167,29.0417,"OECD Data Explorer / DSD_PATENTS@DF_PATENTS_WIPO (WIPO PCT, 9P50_1, MEASURE=AP)",2026-06-30
LTU,2018,36.3667,33.25,39.0667,"OECD Data Explorer / DSD_PATENTS@DF_PATENTS_WIPO (WIPO PCT, 9P50_1, MEASURE=AP)",2026-06-30
LTU,2019,31.25,37.0,35.0278,"OECD Data Explorer / DSD_PATENTS@DF_PATENTS_WIPO (WIPO PCT, 9P50_1, MEASURE=AP)",2026-06-30
LTU,2020,38.5,35.0,40.6556,"OECD Data Explorer / DSD_PATENTS@DF_PATENTS_WIPO (WIPO PCT, 9P50_1, MEASURE=AP)",2026-06-30
LTU,2021,44.5,49.0,45.9762,"OECD Data Explorer / DSD_PATENTS@DF_PATENTS_WIPO (WIPO PCT, 9P50_1, MEASURE=AP)",2026-06-30
LTU,2022,36.5833,30.0833,39.4833,"OECD Data Explorer / DSD_PATENTS@DF_PATENTS_WIPO (WIPO PCT, 9P50_1, MEASURE=AP)",2026-06-30
LTU,2023,40.5,,39.4333,"OECD Data Explorer / DSD_PATENTS@DF_PATENTS_WIPO (WIPO PCT, 9P50_1, MEASURE=AP)",2026-06-30
LUX,2012,427.0667,486.4262,71.577,"OECD Data Explorer / DSD_PATENTS@DF_PATENTS_WIPO (WIPO PCT, 9P50_1, MEASURE=AP)",2026-06-30
LUX,2013,478.1762,507.2278,62.35,"OECD Data Explorer / DSD_PATENTS@DF_PATENTS_WIPO (WIPO PCT, 9P50_1, MEASURE=AP)",2026-06-30
LUX,2014,526.9778,458.1667,73.0857,"OECD Data Explorer / DSD_PATENTS@DF_PATENTS_WIPO (WIPO PCT, 9P50_1, MEASURE=AP)",2026-06-30
LUX,2015,453.6667,419.6012,71.9425,"OECD Data Explorer / DSD_PATENTS@DF_PATENTS_WIPO (WIPO PCT, 9P50_1, MEASURE=AP)",2026-06-30
LUX,2016,404.6012,405.1667,78.3182,"OECD Data Explorer / DSD_PATENTS@DF_PATENTS_WIPO (WIPO PCT, 9P50_1, MEASURE=AP)",2026-06-30
LUX,2017,418.5,348.375,92.8896,"OECD Data Explorer / DSD_PATENTS@DF_PATENTS_WIPO (WIPO PCT, 9P50_1, MEASURE=AP)",2026-06-30
LUX,2018,356.0417,329.1667,75.7679,"OECD Data Explorer / DSD_PATENTS@DF_PATENTS_WIPO (WIPO PCT, 9P50_1, MEASURE=AP)",2026-06-30
LUX,2019,345.1667,303.5,81.4361,"OECD Data Explorer / DSD_PATENTS@DF_PATENTS_WIPO (WIPO PCT, 9P50_1, MEASURE=AP)",2026-06-30
LUX,2020,293.0833,309.9167,79.9984,"OECD Data Explorer / DSD_PATENTS@DF_PATENTS_WIPO (WIPO PCT, 9P50_1, MEASURE=AP)",2026-06-30
LUX,2021,333.3333,298.75,110.6365,"OECD Data Explorer / DSD_PATENTS@DF_PATENTS_WIPO (WIPO PCT, 9P50_1, MEASURE=AP)",2026-06-30
LUX,2022,288.25,302.8333,92.3286,"OECD Data Explorer / DSD_PATENTS@DF_PATENTS_WIPO (WIPO PCT, 9P50_1, MEASURE=AP)",2026-06-30
LUX,2023,320.5833,,80.673,"OECD Data Explorer / DSD_PATENTS@DF_PATENTS_WIPO (WIPO PCT, 9P50_1, MEASURE=AP)",2026-06-30
LVA,2012,36.5,30.3333,38.8526,"OECD Data Explorer / DSD_PATENTS@DF_PATENTS_WIPO (WIPO PCT, 9P50_1, MEASURE=AP)",2026-06-30
LVA,2013,24.6667,34.8333,27.7881,"OECD Data Explorer / DSD_PATENTS@DF_PATENTS_WIPO (WIPO PCT, 9P50_1, MEASURE=AP)",2026-06-30
LVA,2014,28.5,11.0,27.6667,"OECD Data Explorer / DSD_PATENTS@DF_PATENTS_WIPO (WIPO PCT, 9P50_1, MEASURE=AP)",2026-06-30
LVA,2015,26.0,30.0,26.6667,"OECD Data Explorer / DSD_PATENTS@DF_PATENTS_WIPO (WIPO PCT, 9P50_1, MEASURE=AP)",2026-06-30
LVA,2016,24.0,22.5,23.7,"OECD Data Explorer / DSD_PATENTS@DF_PATENTS_WIPO (WIPO PCT, 9P50_1, MEASURE=AP)",2026-06-30
LVA,2017,26.75,32.25,26.3944,"OECD Data Explorer / DSD_PATENTS@DF_PATENTS_WIPO (WIPO PCT, 9P50_1, MEASURE=AP)",2026-06-30
LVA,2018,32.0,33.5,33.7769,"OECD Data Explorer / DSD_PATENTS@DF_PATENTS_WIPO (WIPO PCT, 9P50_1, MEASURE=AP)",2026-06-30
LVA,2019,30.5,31.0,29.8333,"OECD Data Explorer / DSD_PATENTS@DF_PATENTS_WIPO (WIPO PCT, 9P50_1, MEASURE=AP)",2026-06-30
LVA,2020,26.0,34.0,29.8283,"OECD Data Explorer / DSD_PATENTS@DF_PATENTS_WIPO (WIPO PCT, 9P50_1, MEASURE=AP)",2026-06-30
LVA,2021,38.0,34.5,47.2214,"OECD Data Explorer / DSD_PATENTS@DF_PATENTS_WIPO (WIPO PCT, 9P50_1, MEASURE=AP)",2026-06-30
LVA,2022,36.8333,38.8333,40.7217,"OECD Data Explorer / DSD_PATENTS@DF_PATENTS_WIPO (WIPO PCT, 9P50_1, MEASURE=AP)",2026-06-30
LVA,2023,29.3333,,35.925,"OECD Data Explorer / DSD_PATENTS@DF_PATENTS_WIPO (WIPO PCT, 9P50_1, MEASURE=AP)",2026-06-30
MEX,2012,182.0833,206.6571,215.2205,"OECD Data Explorer / DSD_PATENTS@DF_PATENTS_WIPO (WIPO PCT, 9P50_1, MEASURE=AP)",2026-06-30
MEX,2013,228.1071,238.6095,271.4209,"OECD Data Explorer / DSD_PATENTS@DF_PATENTS_WIPO (WIPO PCT, 9P50_1, MEASURE=AP)",2026-06-30
MEX,2014,267.1929,271.5167,296.3529,"OECD Data Explorer / DSD_PATENTS@DF_PATENTS_WIPO (WIPO PCT, 9P50_1, MEASURE=AP)",2026-06-30
MEX,2015,317.1833,301.0278,358.8536,"OECD Data Explorer / DSD_PATENTS@DF_PATENTS_WIPO (WIPO PCT, 9P50_1, MEASURE=AP)",2026-06-30
MEX,2016,268.1944,271.0333,316.7152,"OECD Data Explorer / DSD_PATENTS@DF_PATENTS_WIPO (WIPO PCT, 9P50_1, MEASURE=AP)",2026-06-30
MEX,2017,264.8667,257.9524,308.054,"OECD Data Explorer / DSD_PATENTS@DF_PATENTS_WIPO (WIPO PCT, 9P50_1, MEASURE=AP)",2026-06-30
MEX,2018,238.9524,214.875,270.8122,"OECD Data Explorer / DSD_PATENTS@DF_PATENTS_WIPO (WIPO PCT, 9P50_1, MEASURE=AP)",2026-06-30
MEX,2019,204.375,188.9524,233.2703,"OECD Data Explorer / DSD_PATENTS@DF_PATENTS_WIPO (WIPO PCT, 9P50_1, MEASURE=AP)",2026-06-30
MEX,2020,164.9524,158.5333,192.2136,"OECD Data Explorer / DSD_PATENTS@DF_PATENTS_WIPO (WIPO PCT, 9P50_1, MEASURE=AP)",2026-06-30
MEX,2021,156.5333,187.0,191.0305,"OECD Data Explorer / DSD_PATENTS@DF_PATENTS_WIPO (WIPO PCT, 9P50_1, MEASURE=AP)",2026-06-30
MEX,2022,184.5,162.0,227.294,"OECD Data Explorer / DSD_PATENTS@DF_PATENTS_WIPO (WIPO PCT, 9P50_1, MEASURE=AP)",2026-06-30
MEX,2023,144.5,,182.296,"OECD Data Explorer / DSD_PATENTS@DF_PATENTS_WIPO (WIPO PCT, 9P50_1, MEASURE=AP)",2026-06-30
NLD,2012,3945.3333,4058.8806,3509.4138,"OECD Data Explorer / DSD_PATENTS@DF_PATENTS_WIPO (WIPO PCT, 9P50_1, MEASURE=AP)",2026-06-30
NLD,2013,4027.0806,4124.9526,3533.2268,"OECD Data Explorer / DSD_PATENTS@DF_PATENTS_WIPO (WIPO PCT, 9P50_1, MEASURE=AP)",2026-06-30
NLD,2014,4185.3027,4403.4023,3518.7996,"OECD Data Explorer / DSD_PATENTS@DF_PATENTS_WIPO (WIPO PCT, 9P50_1, MEASURE=AP)",2026-06-30
NLD,2015,4426.9858,4825.9204,3576.2944,"OECD Data Explorer / DSD_PATENTS@DF_PATENTS_WIPO (WIPO PCT, 9P50_1, MEASURE=AP)",2026-06-30
NLD,2016,4765.5039,4353.7832,3664.4678,"OECD Data Explorer / DSD_PATENTS@DF_PATENTS_WIPO (WIPO PCT, 9P50_1, MEASURE=AP)",2026-06-30
NLD,2017,4347.0332,4057.0833,3504.2834,"OECD Data Explorer / DSD_PATENTS@DF_PATENTS_WIPO (WIPO PCT, 9P50_1, MEASURE=AP)",2026-06-30
NLD,2018,4005.0833,4021.0249,3362.7893,"OECD Data Explorer / DSD_PATENTS@DF_PATENTS_WIPO (WIPO PCT, 9P50_1, MEASURE=AP)",2026-06-30
NLD,2019,3950.8584,3896.3921,3317.6406,"OECD Data Explorer / DSD_PATENTS@DF_PATENTS_WIPO (WIPO PCT, 9P50_1, MEASURE=AP)",2026-06-30
NLD,2020,3886.2922,3921.4333,3392.1296,"OECD Data Explorer / DSD_PATENTS@DF_PATENTS_WIPO (WIPO PCT, 9P50_1, MEASURE=AP)",2026-06-30
NLD,2021,3944.8667,3831.7417,3498.5784,"OECD Data Explorer / DSD_PATENTS@DF_PATENTS_WIPO (WIPO PCT, 9P50_1, MEASURE=AP)",2026-06-30
NLD,2022,3827.4082,4078.3833,3658.0034,"OECD Data Explorer / DSD_PATENTS@DF_PATENTS_WIPO (WIPO PCT, 9P50_1, MEASURE=AP)",2026-06-30
NLD,2023,4128.0503,,3759.2007,"OECD Data Explorer / DSD_PATENTS@DF_PATENTS_WIPO (WIPO PCT, 9P50_1, MEASURE=AP)",2026-06-30
NOR,2012,644.2,659.5833,708.8373,"OECD Data Explorer / DSD_PATENTS@DF_PATENTS_WIPO (WIPO PCT, 9P50_1, MEASURE=AP)",2026-06-30
NOR,2013,684.4894,703.0157,729.7574,"OECD Data Explorer / DSD_PATENTS@DF_PATENTS_WIPO (WIPO PCT, 9P50_1, MEASURE=AP)",2026-06-30
NOR,2014,668.6096,669.3833,711.0729,"OECD Data Explorer / DSD_PATENTS@DF_PATENTS_WIPO (WIPO PCT, 9P50_1, MEASURE=AP)",2026-06-30
NOR,2015,664.3833,635.1786,694.2196,"OECD Data Explorer / DSD_PATENTS@DF_PATENTS_WIPO (WIPO PCT, 9P50_1, MEASURE=AP)",2026-06-30
NOR,2016,639.6786,812.4333,664.5079,"OECD Data Explorer / DSD_PATENTS@DF_PATENTS_WIPO (WIPO PCT, 9P50_1, MEASURE=AP)",2026-06-30
NOR,2017,799.9333,758.5769,791.051,"OECD Data Explorer / DSD_PATENTS@DF_PATENTS_WIPO (WIPO PCT, 9P50_1, MEASURE=AP)",2026-06-30
NOR,2018,761.5769,785.2167,753.4412,"OECD Data Explorer / DSD_PATENTS@DF_PATENTS_WIPO (WIPO PCT, 9P50_1, MEASURE=AP)",2026-06-30
NOR,2019,770.7167,680.8333,762.9938,"OECD Data Explorer / DSD_PATENTS@DF_PATENTS_WIPO (WIPO PCT, 9P50_1, MEASURE=AP)",2026-06-30
NOR,2020,682.0,718.5833,685.1669,"OECD Data Explorer / DSD_PATENTS@DF_PATENTS_WIPO (WIPO PCT, 9P50_1, MEASURE=AP)",2026-06-30
NOR,2021,712.9167,786.0167,703.5947,"OECD Data Explorer / DSD_PATENTS@DF_PATENTS_WIPO (WIPO PCT, 9P50_1, MEASURE=AP)",2026-06-30
NOR,2022,782.5167,678.5,779.0667,"OECD Data Explorer / DSD_PATENTS@DF_PATENTS_WIPO (WIPO PCT, 9P50_1, MEASURE=AP)",2026-06-30
NOR,2023,675.5,,696.1829,"OECD Data Explorer / DSD_PATENTS@DF_PATENTS_WIPO (WIPO PCT, 9P50_1, MEASURE=AP)",2026-06-30
NZL,2012,287.9677,287.7,332.0764,"OECD Data Explorer / DSD_PATENTS@DF_PATENTS_WIPO (WIPO PCT, 9P50_1, MEASURE=AP)",2026-06-30
NZL,2013,292.5333,317.25,334.8372,"OECD Data Explorer / DSD_PATENTS@DF_PATENTS_WIPO (WIPO PCT, 9P50_1, MEASURE=AP)",2026-06-30
NZL,2014,314.0833,313.9679,363.505,"OECD Data Explorer / DSD_PATENTS@DF_PATENTS_WIPO (WIPO PCT, 9P50_1, MEASURE=AP)",2026-06-30
NZL,2015,312.8012,283.7452,364.89,"OECD Data Explorer / DSD_PATENTS@DF_PATENTS_WIPO (WIPO PCT, 9P50_1, MEASURE=AP)",2026-06-30
NZL,2016,283.7452,247.6262,307.6647,"OECD Data Explorer / DSD_PATENTS@DF_PATENTS_WIPO (WIPO PCT, 9P50_1, MEASURE=AP)",2026-06-30
NZL,2017,248.4262,244.4833,279.3425,"OECD Data Explorer / DSD_PATENTS@DF_PATENTS_WIPO (WIPO PCT, 9P50_1, MEASURE=AP)",2026-06-30
NZL,2018,261.0167,252.9583,296.1444,"OECD Data Explorer / DSD_PATENTS@DF_PATENTS_WIPO (WIPO PCT, 9P50_1, MEASURE=AP)",2026-06-30
NZL,2019,233.625,266.2333,252.1483,"OECD Data Explorer / DSD_PATENTS@DF_PATENTS_WIPO (WIPO PCT, 9P50_1, MEASURE=AP)",2026-06-30
NZL,2020,288.5667,329.4722,306.6786,"OECD Data Explorer / DSD_PATENTS@DF_PATENTS_WIPO (WIPO PCT, 9P50_1, MEASURE=AP)",2026-06-30
NZL,2021,361.1389,348.3333,388.4775,"OECD Data Explorer / DSD_PATENTS@DF_PATENTS_WIPO (WIPO PCT, 9P50_1, MEASURE=AP)",2026-06-30
NZL,2022,303.6667,267.0,321.6496,"OECD Data Explorer / DSD_PATENTS@DF_PATENTS_WIPO (WIPO PCT, 9P50_1, MEASURE=AP)",2026-06-30
NZL,2023,266.1667,,288.0563,"OECD Data Explorer / DSD_PATENTS@DF_PATENTS_WIPO (WIPO PCT, 9P50_1, MEASURE=AP)",2026-06-30
PER,2012,9.25,14.1667,10.428,"OECD Data Explorer / DSD_PATENTS@DF_PATENTS_WIPO (WIPO PCT, 9P50_1, MEASURE=AP)",2026-06-30
PER,2013,13.5,16.5,13.3333,"OECD Data Explorer / DSD_PATENTS@DF_PATENTS_WIPO (WIPO PCT, 9P50_1, MEASURE=AP)",2026-06-30
PER,2014,17.0,21.0,17.25,"OECD Data Explorer / DSD_PATENTS@DF_PATENTS_WIPO (WIPO PCT, 9P50_1, MEASURE=AP)",2026-06-30
PER,2015,25.0,21.8333,25.9524,"OECD Data Explorer / DSD_PATENTS@DF_PATENTS_WIPO (WIPO PCT, 9P50_1, MEASURE=AP)",2026-06-30
PER,2016,22.8333,26.0,23.2,"OECD Data Explorer / DSD_PATENTS@DF_PATENTS_WIPO (WIPO PCT, 9P50_1, MEASURE=AP)",2026-06-30
PER,2017,33.0,36.0,37.4167,"OECD Data Explorer / DSD_PATENTS@DF_PATENTS_WIPO (WIPO PCT, 9P50_1, MEASURE=AP)",2026-06-30
PER,2018,34.3333,30.3333,60.8857,"OECD Data Explorer / DSD_PATENTS@DF_PATENTS_WIPO (WIPO PCT, 9P50_1, MEASURE=AP)",2026-06-30
PER,2019,21.0,25.0,34.0,"OECD Data Explorer / DSD_PATENTS@DF_PATENTS_WIPO (WIPO PCT, 9P50_1, MEASURE=AP)",2026-06-30
PER,2020,35.0,31.5,45.4714,"OECD Data Explorer / DSD_PATENTS@DF_PATENTS_WIPO (WIPO PCT, 9P50_1, MEASURE=AP)",2026-06-30
PER,2021,30.3333,27.3333,37.7194,"OECD Data Explorer / DSD_PATENTS@DF_PATENTS_WIPO (WIPO PCT, 9P50_1, MEASURE=AP)",2026-06-30
PER,2022,29.0,26.5,30.4333,"OECD Data Explorer / DSD_PATENTS@DF_PATENTS_WIPO (WIPO PCT, 9P50_1, MEASURE=AP)",2026-06-30
PER,2023,25.0,,31.3851,"OECD Data Explorer / DSD_PATENTS@DF_PATENTS_WIPO (WIPO PCT, 9P50_1, MEASURE=AP)",2026-06-30
POL,2012,232.3889,296.4718,312.5147,"OECD Data Explorer / DSD_PATENTS@DF_PATENTS_WIPO (WIPO PCT, 9P50_1, MEASURE=AP)",2026-06-30
POL,2013,306.1385,304.4621,388.7377,"OECD Data Explorer / DSD_PATENTS@DF_PATENTS_WIPO (WIPO PCT, 9P50_1, MEASURE=AP)",2026-06-30
POL,2014,325.2455,343.7833,402.3203,"OECD Data Explorer / DSD_PATENTS@DF_PATENTS_WIPO (WIPO PCT, 9P50_1, MEASURE=AP)",2026-06-30
POL,2015,416.1667,424.6667,507.1818,"OECD Data Explorer / DSD_PATENTS@DF_PATENTS_WIPO (WIPO PCT, 9P50_1, MEASURE=AP)",2026-06-30
POL,2016,305.8333,304.9583,424.1805,"OECD Data Explorer / DSD_PATENTS@DF_PATENTS_WIPO (WIPO PCT, 9P50_1, MEASURE=AP)",2026-06-30
POL,2017,310.7917,274.0,399.3688,"OECD Data Explorer / DSD_PATENTS@DF_PATENTS_WIPO (WIPO PCT, 9P50_1, MEASURE=AP)",2026-06-30
POL,2018,288.9524,341.3048,386.0956,"OECD Data Explorer / DSD_PATENTS@DF_PATENTS_WIPO (WIPO PCT, 9P50_1, MEASURE=AP)",2026-06-30
POL,2019,339.019,323.6012,427.6901,"OECD Data Explorer / DSD_PATENTS@DF_PATENTS_WIPO (WIPO PCT, 9P50_1, MEASURE=AP)",2026-06-30
POL,2020,318.6012,352.0833,426.5927,"OECD Data Explorer / DSD_PATENTS@DF_PATENTS_WIPO (WIPO PCT, 9P50_1, MEASURE=AP)",2026-06-30
POL,2021,358.5833,336.7833,480.1227,"OECD Data Explorer / DSD_PATENTS@DF_PATENTS_WIPO (WIPO PCT, 9P50_1, MEASURE=AP)",2026-06-30
POL,2022,334.8667,301.45,444.4979,"OECD Data Explorer / DSD_PATENTS@DF_PATENTS_WIPO (WIPO PCT, 9P50_1, MEASURE=AP)",2026-06-30
POL,2023,336.2833,,459.8696,"OECD Data Explorer / DSD_PATENTS@DF_PATENTS_WIPO (WIPO PCT, 9P50_1, MEASURE=AP)",2026-06-30
PRT,2012,127.5,133.8333,143.1528,"OECD Data Explorer / DSD_PATENTS@DF_PATENTS_WIPO (WIPO PCT, 9P50_1, MEASURE=AP)",2026-06-30
PRT,2013,143.0,153.75,147.8171,"OECD Data Explorer / DSD_PATENTS@DF_PATENTS_WIPO (WIPO PCT, 9P50_1, MEASURE=AP)",2026-06-30
PRT,2014,154.25,142.0833,170.1313,"OECD Data Explorer / DSD_PATENTS@DF_PATENTS_WIPO (WIPO PCT, 9P50_1, MEASURE=AP)",2026-06-30
PRT,2015,158.0833,196.2409,172.5648,"OECD Data Explorer / DSD_PATENTS@DF_PATENTS_WIPO (WIPO PCT, 9P50_1, MEASURE=AP)",2026-06-30
PRT,2016,181.7409,194.75,203.8963,"OECD Data Explorer / DSD_PATENTS@DF_PATENTS_WIPO (WIPO PCT, 9P50_1, MEASURE=AP)",2026-06-30
PRT,2017,191.25,208.1167,209.5791,"OECD Data Explorer / DSD_PATENTS@DF_PATENTS_WIPO (WIPO PCT, 9P50_1, MEASURE=AP)",2026-06-30
PRT,2018,246.6167,229.0667,269.9377,"OECD Data Explorer / DSD_PATENTS@DF_PATENTS_WIPO (WIPO PCT, 9P50_1, MEASURE=AP)",2026-06-30
PRT,2019,200.9,236.919,219.7313,"OECD Data Explorer / DSD_PATENTS@DF_PATENTS_WIPO (WIPO PCT, 9P50_1, MEASURE=AP)",2026-06-30
PRT,2020,249.5857,225.2143,274.2775,"OECD Data Explorer / DSD_PATENTS@DF_PATENTS_WIPO (WIPO PCT, 9P50_1, MEASURE=AP)",2026-06-30
PRT,2021,257.881,244.9583,265.2226,"OECD Data Explorer / DSD_PATENTS@DF_PATENTS_WIPO (WIPO PCT, 9P50_1, MEASURE=AP)",2026-06-30
PRT,2022,213.9583,233.6103,249.6145,"OECD Data Explorer / DSD_PATENTS@DF_PATENTS_WIPO (WIPO PCT, 9P50_1, MEASURE=AP)",2026-06-30
PRT,2023,218.5345,,244.4154,"OECD Data Explorer / DSD_PATENTS@DF_PATENTS_WIPO (WIPO PCT, 9P50_1, MEASURE=AP)",2026-06-30
RUS,2012,907.9234,920.6333,1172.3324,"OECD Data Explorer / DSD_PATENTS@DF_PATENTS_WIPO (WIPO PCT, 9P50_1, MEASURE=AP)",2026-06-30
RUS,2013,970.2667,910.0639,1241.4097,"OECD Data Explorer / DSD_PATENTS@DF_PATENTS_WIPO (WIPO PCT, 9P50_1, MEASURE=AP)",2026-06-30
RUS,2014,835.6139,805.2619,1093.6632,"OECD Data Explorer / DSD_PATENTS@DF_PATENTS_WIPO (WIPO PCT, 9P50_1, MEASURE=AP)",2026-06-30
RUS,2015,761.4452,753.4985,1043.0179,"OECD Data Explorer / DSD_PATENTS@DF_PATENTS_WIPO (WIPO PCT, 9P50_1, MEASURE=AP)",2026-06-30
RUS,2016,810.1771,903.1302,994.435,"OECD Data Explorer / DSD_PATENTS@DF_PATENTS_WIPO (WIPO PCT, 9P50_1, MEASURE=AP)",2026-06-30
RUS,2017,936.2766,956.1893,1155.4384,"OECD Data Explorer / DSD_PATENTS@DF_PATENTS_WIPO (WIPO PCT, 9P50_1, MEASURE=AP)",2026-06-30
RUS,2018,913.681,971.1333,1075.1606,"OECD Data Explorer / DSD_PATENTS@DF_PATENTS_WIPO (WIPO PCT, 9P50_1, MEASURE=AP)",2026-06-30
RUS,2019,1051.8,987.85,1182.543,"OECD Data Explorer / DSD_PATENTS@DF_PATENTS_WIPO (WIPO PCT, 9P50_1, MEASURE=AP)",2026-06-30
RUS,2020,946.5476,993.3071,1117.7518,"OECD Data Explorer / DSD_PATENTS@DF_PATENTS_WIPO (WIPO PCT, 9P50_1, MEASURE=AP)",2026-06-30
RUS,2021,897.5929,736.1167,1095.2957,"OECD Data Explorer / DSD_PATENTS@DF_PATENTS_WIPO (WIPO PCT, 9P50_1, MEASURE=AP)",2026-06-30
RUS,2022,650.5833,588.2667,836.9136,"OECD Data Explorer / DSD_PATENTS@DF_PATENTS_WIPO (WIPO PCT, 9P50_1, MEASURE=AP)",2026-06-30
RUS,2023,604.85,,731.4211,"OECD Data Explorer / DSD_PATENTS@DF_PATENTS_WIPO (WIPO PCT, 9P50_1, MEASURE=AP)",2026-06-30
SGP,2012,755.8833,889.1333,664.0838,"OECD Data Explorer / DSD_PATENTS@DF_PATENTS_WIPO (WIPO PCT, 9P50_1, MEASURE=AP)",2026-06-30
SGP,2013,897.4333,937.6167,739.196,"OECD Data Explorer / DSD_PATENTS@DF_PATENTS_WIPO (WIPO PCT, 9P50_1, MEASURE=AP)",2026-06-30
SGP,2014,954.45,947.4262,825.4587,"OECD Data Explorer / DSD_PATENTS@DF_PATENTS_WIPO (WIPO PCT, 9P50_1, MEASURE=AP)",2026-06-30
SGP,2015,923.9262,938.4167,808.1604,"OECD Data Explorer / DSD_PATENTS@DF_PATENTS_WIPO (WIPO PCT, 9P50_1, MEASURE=AP)",2026-06-30
SGP,2016,873.95,855.45,801.1023,"OECD Data Explorer / DSD_PATENTS@DF_PATENTS_WIPO (WIPO PCT, 9P50_1, MEASURE=AP)",2026-06-30
SGP,2017,904.3333,930.2857,841.7992,"OECD Data Explorer / DSD_PATENTS@DF_PATENTS_WIPO (WIPO PCT, 9P50_1, MEASURE=AP)",2026-06-30
SGP,2018,930.7857,1165.7095,850.3109,"OECD Data Explorer / DSD_PATENTS@DF_PATENTS_WIPO (WIPO PCT, 9P50_1, MEASURE=AP)",2026-06-30
SGP,2019,1433.4595,1530.4167,973.7962,"OECD Data Explorer / DSD_PATENTS@DF_PATENTS_WIPO (WIPO PCT, 9P50_1, MEASURE=AP)",2026-06-30
SGP,2020,1548.0833,1818.4,1024.0728,"OECD Data Explorer / DSD_PATENTS@DF_PATENTS_WIPO (WIPO PCT, 9P50_1, MEASURE=AP)",2026-06-30
SGP,2021,1769.6167,1783.4261,1237.1549,"OECD Data Explorer / DSD_PATENTS@DF_PATENTS_WIPO (WIPO PCT, 9P50_1, MEASURE=AP)",2026-06-30
SGP,2022,1680.7928,1701.1667,1292.6399,"OECD Data Explorer / DSD_PATENTS@DF_PATENTS_WIPO (WIPO PCT, 9P50_1, MEASURE=AP)",2026-06-30
SGP,2023,1748.1333,,1128.1283,"OECD Data Explorer / DSD_PATENTS@DF_PATENTS_WIPO (WIPO PCT, 9P50_1, MEASURE=AP)",2026-06-30
SVK,2012,30.3333,37.5667,51.5595,"OECD Data Explorer / DSD_PATENTS@DF_PATENTS_WIPO (WIPO PCT, 9P50_1, MEASURE=AP)",2026-06-30
SVK,2013,39.2333,53.2,47.8756,"OECD Data Explorer / DSD_PATENTS@DF_PATENTS_WIPO (WIPO PCT, 9P50_1, MEASURE=AP)",2026-06-30
SVK,2014,55.5333,35.0,74.5718,"OECD Data Explorer / DSD_PATENTS@DF_PATENTS_WIPO (WIPO PCT, 9P50_1, MEASURE=AP)",2026-06-30
SVK,2015,35.0,45.3333,51.2846,"OECD Data Explorer / DSD_PATENTS@DF_PATENTS_WIPO (WIPO PCT, 9P50_1, MEASURE=AP)",2026-06-30
SVK,2016,44.1333,48.8,62.1028,"OECD Data Explorer / DSD_PATENTS@DF_PATENTS_WIPO (WIPO PCT, 9P50_1, MEASURE=AP)",2026-06-30
SVK,2017,46.0,41.3667,73.6601,"OECD Data Explorer / DSD_PATENTS@DF_PATENTS_WIPO (WIPO PCT, 9P50_1, MEASURE=AP)",2026-06-30
SVK,2018,44.8667,36.25,67.4205,"OECD Data Explorer / DSD_PATENTS@DF_PATENTS_WIPO (WIPO PCT, 9P50_1, MEASURE=AP)",2026-06-30
SVK,2019,39.75,38.3429,66.4792,"OECD Data Explorer / DSD_PATENTS@DF_PATENTS_WIPO (WIPO PCT, 9P50_1, MEASURE=AP)",2026-06-30
SVK,2020,38.3429,43.319,61.7619,"OECD Data Explorer / DSD_PATENTS@DF_PATENTS_WIPO (WIPO PCT, 9P50_1, MEASURE=AP)",2026-06-30
SVK,2021,38.819,42.5,62.8979,"OECD Data Explorer / DSD_PATENTS@DF_PATENTS_WIPO (WIPO PCT, 9P50_1, MEASURE=AP)",2026-06-30
SVK,2022,43.3333,32.0333,77.4223,"OECD Data Explorer / DSD_PATENTS@DF_PATENTS_WIPO (WIPO PCT, 9P50_1, MEASURE=AP)",2026-06-30
SVK,2023,50.8667,,83.8536,"OECD Data Explorer / DSD_PATENTS@DF_PATENTS_WIPO (WIPO PCT, 9P50_1, MEASURE=AP)",2026-06-30
SVN,2012,108.5,106.9524,127.9778,"OECD Data Explorer / DSD_PATENTS@DF_PATENTS_WIPO (WIPO PCT, 9P50_1, MEASURE=AP)",2026-06-30
SVN,2013,124.7857,127.5,142.8621,"OECD Data Explorer / DSD_PATENTS@DF_PATENTS_WIPO (WIPO PCT, 9P50_1, MEASURE=AP)",2026-06-30
SVN,2014,145.1667,113.4667,176.6298,"OECD Data Explorer / DSD_PATENTS@DF_PATENTS_WIPO (WIPO PCT, 9P50_1, MEASURE=AP)",2026-06-30
SVN,2015,71.4667,63.75,98.5702,"OECD Data Explorer / DSD_PATENTS@DF_PATENTS_WIPO (WIPO PCT, 9P50_1, MEASURE=AP)",2026-06-30
SVN,2016,68.25,73.8667,87.173,"OECD Data Explorer / DSD_PATENTS@DF_PATENTS_WIPO (WIPO PCT, 9P50_1, MEASURE=AP)",2026-06-30
SVN,2017,88.8667,123.0,109.921,"OECD Data Explorer / DSD_PATENTS@DF_PATENTS_WIPO (WIPO PCT, 9P50_1, MEASURE=AP)",2026-06-30
SVN,2018,122.5,83.5,136.6929,"OECD Data Explorer / DSD_PATENTS@DF_PATENTS_WIPO (WIPO PCT, 9P50_1, MEASURE=AP)",2026-06-30
SVN,2019,84.0,78.6667,88.9137,"OECD Data Explorer / DSD_PATENTS@DF_PATENTS_WIPO (WIPO PCT, 9P50_1, MEASURE=AP)",2026-06-30
SVN,2020,78.6667,98.0,102.6762,"OECD Data Explorer / DSD_PATENTS@DF_PATENTS_WIPO (WIPO PCT, 9P50_1, MEASURE=AP)",2026-06-30
SVN,2021,93.2333,90.0667,103.2058,"OECD Data Explorer / DSD_PATENTS@DF_PATENTS_WIPO (WIPO PCT, 9P50_1, MEASURE=AP)",2026-06-30
SVN,2022,114.3333,110.8333,131.646,"OECD Data Explorer / DSD_PATENTS@DF_PATENTS_WIPO (WIPO PCT, 9P50_1, MEASURE=AP)",2026-06-30
SVN,2023,88.8333,,101.6103,"OECD Data Explorer / DSD_PATENTS@DF_PATENTS_WIPO (WIPO PCT, 9P50_1, MEASURE=AP)",2026-06-30
SWE,2012,3534.4441,3853.0762,2863.9785,"OECD Data Explorer / DSD_PATENTS@DF_PATENTS_WIPO (WIPO PCT, 9P50_1, MEASURE=AP)",2026-06-30
SWE,2013,3871.8337,3767.8743,3145.7363,"OECD Data Explorer / DSD_PATENTS@DF_PATENTS_WIPO (WIPO PCT, 9P50_1, MEASURE=AP)",2026-06-30
SWE,2014,3841.8667,3783.8516,3199.6797,"OECD Data Explorer / DSD_PATENTS@DF_PATENTS_WIPO (WIPO PCT, 9P50_1, MEASURE=AP)",2026-06-30
SWE,2015,3782.9182,3753.8,3167.3545,"OECD Data Explorer / DSD_PATENTS@DF_PATENTS_WIPO (WIPO PCT, 9P50_1, MEASURE=AP)",2026-06-30
SWE,2016,3589.8167,3808.125,3139.8882,"OECD Data Explorer / DSD_PATENTS@DF_PATENTS_WIPO (WIPO PCT, 9P50_1, MEASURE=AP)",2026-06-30
SWE,2017,3817.7917,3940.8,3326.8645,"OECD Data Explorer / DSD_PATENTS@DF_PATENTS_WIPO (WIPO PCT, 9P50_1, MEASURE=AP)",2026-06-30
SWE,2018,3917.05,3945.3999,3334.7527,"OECD Data Explorer / DSD_PATENTS@DF_PATENTS_WIPO (WIPO PCT, 9P50_1, MEASURE=AP)",2026-06-30
SWE,2019,3946.7334,4130.4844,3414.7373,"OECD Data Explorer / DSD_PATENTS@DF_PATENTS_WIPO (WIPO PCT, 9P50_1, MEASURE=AP)",2026-06-30
SWE,2020,4104.0679,4129.4585,3387.9041,"OECD Data Explorer / DSD_PATENTS@DF_PATENTS_WIPO (WIPO PCT, 9P50_1, MEASURE=AP)",2026-06-30
SWE,2021,4117.7915,4179.3179,3244.6074,"OECD Data Explorer / DSD_PATENTS@DF_PATENTS_WIPO (WIPO PCT, 9P50_1, MEASURE=AP)",2026-06-30
SWE,2022,4185.9014,4083.5889,3291.3413,"OECD Data Explorer / DSD_PATENTS@DF_PATENTS_WIPO (WIPO PCT, 9P50_1, MEASURE=AP)",2026-06-30
SWE,2023,4041.3389,,3370.5886,"OECD Data Explorer / DSD_PATENTS@DF_PATENTS_WIPO (WIPO PCT, 9P50_1, MEASURE=AP)",2026-06-30
TUR,2012,493.1389,632.9722,516.3372,"OECD Data Explorer / DSD_PATENTS@DF_PATENTS_WIPO (WIPO PCT, 9P50_1, MEASURE=AP)",2026-06-30
TUR,2013,755.0833,732.5,783.2383,"OECD Data Explorer / DSD_PATENTS@DF_PATENTS_WIPO (WIPO PCT, 9P50_1, MEASURE=AP)",2026-06-30
TUR,2014,820.6667,908.1333,850.2354,"OECD Data Explorer / DSD_PATENTS@DF_PATENTS_WIPO (WIPO PCT, 9P50_1, MEASURE=AP)",2026-06-30
TUR,2015,974.6333,1045.9167,997.1154,"OECD Data Explorer / DSD_PATENTS@DF_PATENTS_WIPO (WIPO PCT, 9P50_1, MEASURE=AP)",2026-06-30
TUR,2016,1019.9167,1154.5,1055.2672,"OECD Data Explorer / DSD_PATENTS@DF_PATENTS_WIPO (WIPO PCT, 9P50_1, MEASURE=AP)",2026-06-30
TUR,2017,1149.0,1279.6667,1168.4966,"OECD Data Explorer / DSD_PATENTS@DF_PATENTS_WIPO (WIPO PCT, 9P50_1, MEASURE=AP)",2026-06-30
TUR,2018,1337.3094,1505.8929,1371.7518,"OECD Data Explorer / DSD_PATENTS@DF_PATENTS_WIPO (WIPO PCT, 9P50_1, MEASURE=AP)",2026-06-30
TUR,2019,1630.25,1441.5,1647.704,"OECD Data Explorer / DSD_PATENTS@DF_PATENTS_WIPO (WIPO PCT, 9P50_1, MEASURE=AP)",2026-06-30
TUR,2020,1520.2667,1676.6417,1556.9589,"OECD Data Explorer / DSD_PATENTS@DF_PATENTS_WIPO (WIPO PCT, 9P50_1, MEASURE=AP)",2026-06-30
TUR,2021,1667.875,942.0,1689.5179,"OECD Data Explorer / DSD_PATENTS@DF_PATENTS_WIPO (WIPO PCT, 9P50_1, MEASURE=AP)",2026-06-30
TUR,2022,1719.0833,1741.4167,1746.3425,"OECD Data Explorer / DSD_PATENTS@DF_PATENTS_WIPO (WIPO PCT, 9P50_1, MEASURE=AP)",2026-06-30
TUR,2023,1837.3333,,1863.2778,"OECD Data Explorer / DSD_PATENTS@DF_PATENTS_WIPO (WIPO PCT, 9P50_1, MEASURE=AP)",2026-06-30
USA,2012,50152.656,53714.145,48932.105,"OECD Data Explorer / DSD_PATENTS@DF_PATENTS_WIPO (WIPO PCT, 9P50_1, MEASURE=AP)",2026-06-30
USA,2013,55715.148,60281.188,54168.863,"OECD Data Explorer / DSD_PATENTS@DF_PATENTS_WIPO (WIPO PCT, 9P50_1, MEASURE=AP)",2026-06-30
USA,2014,59813.523,55152.992,58583.445,"OECD Data Explorer / DSD_PATENTS@DF_PATENTS_WIPO (WIPO PCT, 9P50_1, MEASURE=AP)",2026-06-30
USA,2015,55171.281,54670.852,53977.652,"OECD Data Explorer / DSD_PATENTS@DF_PATENTS_WIPO (WIPO PCT, 9P50_1, MEASURE=AP)",2026-06-30
USA,2016,54584.91,55087.41,53559.453,"OECD Data Explorer / DSD_PATENTS@DF_PATENTS_WIPO (WIPO PCT, 9P50_1, MEASURE=AP)",2026-06-30
USA,2017,54929.496,55290.613,54054.391,"OECD Data Explorer / DSD_PATENTS@DF_PATENTS_WIPO (WIPO PCT, 9P50_1, MEASURE=AP)",2026-06-30
USA,2018,54372.656,55632.16,53860.449,"OECD Data Explorer / DSD_PATENTS@DF_PATENTS_WIPO (WIPO PCT, 9P50_1, MEASURE=AP)",2026-06-30
USA,2019,56032.676,55929.332,55328.484,"OECD Data Explorer / DSD_PATENTS@DF_PATENTS_WIPO (WIPO PCT, 9P50_1, MEASURE=AP)",2026-06-30
USA,2020,57041.07,59075.383,56732.785,"OECD Data Explorer / DSD_PATENTS@DF_PATENTS_WIPO (WIPO PCT, 9P50_1, MEASURE=AP)",2026-06-30
USA,2021,57787.887,57474.672,57163.48,"OECD Data Explorer / DSD_PATENTS@DF_PATENTS_WIPO (WIPO PCT, 9P50_1, MEASURE=AP)",2026-06-30
USA,2022,57493.75,54892.746,56595.414,"OECD Data Explorer / DSD_PATENTS@DF_PATENTS_WIPO (WIPO PCT, 9P50_1, MEASURE=AP)",2026-06-30
USA,2023,54258.77,,53563.965,"OECD Data Explorer / DSD_PATENTS@DF_PATENTS_WIPO (WIPO PCT, 9P50_1, MEASURE=AP)",2026-06-30
