country_iso3,year,pct_applications_origin,source,download_date,notes
AUS,2012,1614.0917,"OECD Data Explorer / DSD_PATENTS@DF_PATENTS_WIPO (WIPO PCT, 9P50_1, MEASURE=AP)",2026-06-30,OECD fractional count; WIPO/PCT 9P50_1; application date; applicant origin
AUS,2013,1508.3429,"OECD Data Explorer / DSD_PATENTS@DF_PATENTS_WIPO (WIPO PCT, 9P50_1, MEASURE=AP)",2026-06-30,OECD fractional count; WIPO/PCT 9P50_1; application date; applicant origin
AUS,2014,1632.9445,"OECD Data Explorer / DSD_PATENTS@DF_PATENTS_WIPO (WIPO PCT, 9P50_1, MEASURE=AP)",2026-06-30,OECD fractional count; WIPO/PCT 9P50_1; application date; applicant origin
AUS,2015,1637.3381,"OECD Data Explorer / DSD_PATENTS@DF_PATENTS_WIPO (WIPO PCT, 9P50_1, MEASURE=AP)",2026-06-30,OECD fractional count; WIPO/PCT 9P50_1; application date; applicant origin
AUS,2016,1737.6667,"OECD Data Explorer / DSD_PATENTS@DF_PATENTS_WIPO (WIPO PCT, 9P50_1, MEASURE=AP)",2026-06-30,OECD fractional count; WIPO/PCT 9P50_1; application date; applicant origin
AUS,2017,1774.9944,"OECD Data Explorer / DSD_PATENTS@DF_PATENTS_WIPO (WIPO PCT, 9P50_1, MEASURE=AP)",2026-06-30,OECD fractional count; WIPO/PCT 9P50_1; application date; applicant origin
AUS,2018,1766.4694,"OECD Data Explorer / DSD_PATENTS@DF_PATENTS_WIPO (WIPO PCT, 9P50_1, MEASURE=AP)",2026-06-30,OECD fractional count; WIPO/PCT 9P50_1; application date; applicant origin
AUS,2019,1724.2131,"OECD Data Explorer / DSD_PATENTS@DF_PATENTS_WIPO (WIPO PCT, 9P50_1, MEASURE=AP)",2026-06-30,OECD fractional count; WIPO/PCT 9P50_1; application date; applicant origin
AUS,2020,1684.95,"OECD Data Explorer / DSD_PATENTS@DF_PATENTS_WIPO (WIPO PCT, 9P50_1, MEASURE=AP)",2026-06-30,OECD fractional count; WIPO/PCT 9P50_1; application date; applicant origin
AUS,2021,1733.7762,"OECD Data Explorer / DSD_PATENTS@DF_PATENTS_WIPO (WIPO PCT, 9P50_1, MEASURE=AP)",2026-06-30,OECD fractional count; WIPO/PCT 9P50_1; application date; applicant origin
AUS,2022,1718.0066,"OECD Data Explorer / DSD_PATENTS@DF_PATENTS_WIPO (WIPO PCT, 9P50_1, MEASURE=AP)",2026-06-30,OECD fractional count; WIPO/PCT 9P50_1; application date; applicant origin
AUS,2023,1481.1548,"OECD Data Explorer / DSD_PATENTS@DF_PATENTS_WIPO (WIPO PCT, 9P50_1, MEASURE=AP)",2026-06-30,OECD fractional count; WIPO/PCT 9P50_1; application date; applicant origin
AUT,2012,1333.5952,"OECD Data Explorer / DSD_PATENTS@DF_PATENTS_WIPO (WIPO PCT, 9P50_1, MEASURE=AP)",2026-06-30,OECD fractional count; WIPO/PCT 9P50_1; application date; applicant origin
AUT,2013,1266.5612,"OECD Data Explorer / DSD_PATENTS@DF_PATENTS_WIPO (WIPO PCT, 9P50_1, MEASURE=AP)",2026-06-30,OECD fractional count; WIPO/PCT 9P50_1; application date; applicant origin
AUT,2014,1377.3372,"OECD Data Explorer / DSD_PATENTS@DF_PATENTS_WIPO (WIPO PCT, 9P50_1, MEASURE=AP)",2026-06-30,OECD fractional count; WIPO/PCT 9P50_1; application date; applicant origin
AUT,2015,1399.3333,"OECD Data Explorer / DSD_PATENTS@DF_PATENTS_WIPO (WIPO PCT, 9P50_1, MEASURE=AP)",2026-06-30,OECD fractional count; WIPO/PCT 9P50_1; application date; applicant origin
AUT,2016,1416.7,"OECD Data Explorer / DSD_PATENTS@DF_PATENTS_WIPO (WIPO PCT, 9P50_1, MEASURE=AP)",2026-06-30,OECD fractional count; WIPO/PCT 9P50_1; application date; applicant origin
AUT,2017,1374.6576,"OECD Data Explorer / DSD_PATENTS@DF_PATENTS_WIPO (WIPO PCT, 9P50_1, MEASURE=AP)",2026-06-30,OECD fractional count; WIPO/PCT 9P50_1; application date; applicant origin
AUT,2018,1498.75,"OECD Data Explorer / DSD_PATENTS@DF_PATENTS_WIPO (WIPO PCT, 9P50_1, MEASURE=AP)",2026-06-30,OECD fractional count; WIPO/PCT 9P50_1; application date; applicant origin
AUT,2019,1410.6833,"OECD Data Explorer / DSD_PATENTS@DF_PATENTS_WIPO (WIPO PCT, 9P50_1, MEASURE=AP)",2026-06-30,OECD fractional count; WIPO/PCT 9P50_1; application date; applicant origin
AUT,2020,1497.7333,"OECD Data Explorer / DSD_PATENTS@DF_PATENTS_WIPO (WIPO PCT, 9P50_1, MEASURE=AP)",2026-06-30,OECD fractional count; WIPO/PCT 9P50_1; application date; applicant origin
AUT,2021,1534.9833,"OECD Data Explorer / DSD_PATENTS@DF_PATENTS_WIPO (WIPO PCT, 9P50_1, MEASURE=AP)",2026-06-30,OECD fractional count; WIPO/PCT 9P50_1; application date; applicant origin
AUT,2022,1399.2333,"OECD Data Explorer / DSD_PATENTS@DF_PATENTS_WIPO (WIPO PCT, 9P50_1, MEASURE=AP)",2026-06-30,OECD fractional count; WIPO/PCT 9P50_1; application date; applicant origin
AUT,2023,1523.3156,"OECD Data Explorer / DSD_PATENTS@DF_PATENTS_WIPO (WIPO PCT, 9P50_1, MEASURE=AP)",2026-06-30,OECD fractional count; WIPO/PCT 9P50_1; application date; applicant origin
BEL,2012,1208.6571,"OECD Data Explorer / DSD_PATENTS@DF_PATENTS_WIPO (WIPO PCT, 9P50_1, MEASURE=AP)",2026-06-30,OECD fractional count; WIPO/PCT 9P50_1; application date; applicant origin
BEL,2013,1131.9167,"OECD Data Explorer / DSD_PATENTS@DF_PATENTS_WIPO (WIPO PCT, 9P50_1, MEASURE=AP)",2026-06-30,OECD fractional count; WIPO/PCT 9P50_1; application date; applicant origin
BEL,2014,1159.2646,"OECD Data Explorer / DSD_PATENTS@DF_PATENTS_WIPO (WIPO PCT, 9P50_1, MEASURE=AP)",2026-06-30,OECD fractional count; WIPO/PCT 9P50_1; application date; applicant origin
BEL,2015,1151.3667,"OECD Data Explorer / DSD_PATENTS@DF_PATENTS_WIPO (WIPO PCT, 9P50_1, MEASURE=AP)",2026-06-30,OECD fractional count; WIPO/PCT 9P50_1; application date; applicant origin
BEL,2016,1198.4061,"OECD Data Explorer / DSD_PATENTS@DF_PATENTS_WIPO (WIPO PCT, 9P50_1, MEASURE=AP)",2026-06-30,OECD fractional count; WIPO/PCT 9P50_1; application date; applicant origin
BEL,2017,1334.45,"OECD Data Explorer / DSD_PATENTS@DF_PATENTS_WIPO (WIPO PCT, 9P50_1, MEASURE=AP)",2026-06-30,OECD fractional count; WIPO/PCT 9P50_1; application date; applicant origin
BEL,2018,1326.0762,"OECD Data Explorer / DSD_PATENTS@DF_PATENTS_WIPO (WIPO PCT, 9P50_1, MEASURE=AP)",2026-06-30,OECD fractional count; WIPO/PCT 9P50_1; application date; applicant origin
BEL,2019,1390.4333,"OECD Data Explorer / DSD_PATENTS@DF_PATENTS_WIPO (WIPO PCT, 9P50_1, MEASURE=AP)",2026-06-30,OECD fractional count; WIPO/PCT 9P50_1; application date; applicant origin
BEL,2020,1364.9781,"OECD Data Explorer / DSD_PATENTS@DF_PATENTS_WIPO (WIPO PCT, 9P50_1, MEASURE=AP)",2026-06-30,OECD fractional count; WIPO/PCT 9P50_1; application date; applicant origin
BEL,2021,1367.6215,"OECD Data Explorer / DSD_PATENTS@DF_PATENTS_WIPO (WIPO PCT, 9P50_1, MEASURE=AP)",2026-06-30,OECD fractional count; WIPO/PCT 9P50_1; application date; applicant origin
BEL,2022,1345.7535,"OECD Data Explorer / DSD_PATENTS@DF_PATENTS_WIPO (WIPO PCT, 9P50_1, MEASURE=AP)",2026-06-30,OECD fractional count; WIPO/PCT 9P50_1; application date; applicant origin
BEL,2023,1314.7972,"OECD Data Explorer / DSD_PATENTS@DF_PATENTS_WIPO (WIPO PCT, 9P50_1, MEASURE=AP)",2026-06-30,OECD fractional count; WIPO/PCT 9P50_1; application date; applicant origin
BRA,2012,578.5,"OECD Data Explorer / DSD_PATENTS@DF_PATENTS_WIPO (WIPO PCT, 9P50_1, MEASURE=AP)",2026-06-30,OECD fractional count; WIPO/PCT 9P50_1; application date; applicant origin
BRA,2013,636.3694,"OECD Data Explorer / DSD_PATENTS@DF_PATENTS_WIPO (WIPO PCT, 9P50_1, MEASURE=AP)",2026-06-30,OECD fractional count; WIPO/PCT 9P50_1; application date; applicant origin
BRA,2014,566.6333,"OECD Data Explorer / DSD_PATENTS@DF_PATENTS_WIPO (WIPO PCT, 9P50_1, MEASURE=AP)",2026-06-30,OECD fractional count; WIPO/PCT 9P50_1; application date; applicant origin
BRA,2015,532.7167,"OECD Data Explorer / DSD_PATENTS@DF_PATENTS_WIPO (WIPO PCT, 9P50_1, MEASURE=AP)",2026-06-30,OECD fractional count; WIPO/PCT 9P50_1; application date; applicant origin
BRA,2016,549.0417,"OECD Data Explorer / DSD_PATENTS@DF_PATENTS_WIPO (WIPO PCT, 9P50_1, MEASURE=AP)",2026-06-30,OECD fractional count; WIPO/PCT 9P50_1; application date; applicant origin
BRA,2017,581.1167,"OECD Data Explorer / DSD_PATENTS@DF_PATENTS_WIPO (WIPO PCT, 9P50_1, MEASURE=AP)",2026-06-30,OECD fractional count; WIPO/PCT 9P50_1; application date; applicant origin
BRA,2018,593.4429,"OECD Data Explorer / DSD_PATENTS@DF_PATENTS_WIPO (WIPO PCT, 9P50_1, MEASURE=AP)",2026-06-30,OECD fractional count; WIPO/PCT 9P50_1; application date; applicant origin
BRA,2019,632.1833,"OECD Data Explorer / DSD_PATENTS@DF_PATENTS_WIPO (WIPO PCT, 9P50_1, MEASURE=AP)",2026-06-30,OECD fractional count; WIPO/PCT 9P50_1; application date; applicant origin
BRA,2020,622.15,"OECD Data Explorer / DSD_PATENTS@DF_PATENTS_WIPO (WIPO PCT, 9P50_1, MEASURE=AP)",2026-06-30,OECD fractional count; WIPO/PCT 9P50_1; application date; applicant origin
BRA,2021,605.1333,"OECD Data Explorer / DSD_PATENTS@DF_PATENTS_WIPO (WIPO PCT, 9P50_1, MEASURE=AP)",2026-06-30,OECD fractional count; WIPO/PCT 9P50_1; application date; applicant origin
BRA,2022,540.8333,"OECD Data Explorer / DSD_PATENTS@DF_PATENTS_WIPO (WIPO PCT, 9P50_1, MEASURE=AP)",2026-06-30,OECD fractional count; WIPO/PCT 9P50_1; application date; applicant origin
BRA,2023,515.9069,"OECD Data Explorer / DSD_PATENTS@DF_PATENTS_WIPO (WIPO PCT, 9P50_1, MEASURE=AP)",2026-06-30,OECD fractional count; WIPO/PCT 9P50_1; application date; applicant origin
CAN,2012,2422.3938,"OECD Data Explorer / DSD_PATENTS@DF_PATENTS_WIPO (WIPO PCT, 9P50_1, MEASURE=AP)",2026-06-30,OECD fractional count; WIPO/PCT 9P50_1; application date; applicant origin
CAN,2013,2462.9944,"OECD Data Explorer / DSD_PATENTS@DF_PATENTS_WIPO (WIPO PCT, 9P50_1, MEASURE=AP)",2026-06-30,OECD fractional count; WIPO/PCT 9P50_1; application date; applicant origin
CAN,2014,2595.5439,"OECD Data Explorer / DSD_PATENTS@DF_PATENTS_WIPO (WIPO PCT, 9P50_1, MEASURE=AP)",2026-06-30,OECD fractional count; WIPO/PCT 9P50_1; application date; applicant origin
CAN,2015,2308.4065,"OECD Data Explorer / DSD_PATENTS@DF_PATENTS_WIPO (WIPO PCT, 9P50_1, MEASURE=AP)",2026-06-30,OECD fractional count; WIPO/PCT 9P50_1; application date; applicant origin
CAN,2016,2248.8728,"OECD Data Explorer / DSD_PATENTS@DF_PATENTS_WIPO (WIPO PCT, 9P50_1, MEASURE=AP)",2026-06-30,OECD fractional count; WIPO/PCT 9P50_1; application date; applicant origin
CAN,2017,2305.5217,"OECD Data Explorer / DSD_PATENTS@DF_PATENTS_WIPO (WIPO PCT, 9P50_1, MEASURE=AP)",2026-06-30,OECD fractional count; WIPO/PCT 9P50_1; application date; applicant origin
CAN,2018,2356.4236,"OECD Data Explorer / DSD_PATENTS@DF_PATENTS_WIPO (WIPO PCT, 9P50_1, MEASURE=AP)",2026-06-30,OECD fractional count; WIPO/PCT 9P50_1; application date; applicant origin
CAN,2019,2629.8345,"OECD Data Explorer / DSD_PATENTS@DF_PATENTS_WIPO (WIPO PCT, 9P50_1, MEASURE=AP)",2026-06-30,OECD fractional count; WIPO/PCT 9P50_1; application date; applicant origin
CAN,2020,2548.8457,"OECD Data Explorer / DSD_PATENTS@DF_PATENTS_WIPO (WIPO PCT, 9P50_1, MEASURE=AP)",2026-06-30,OECD fractional count; WIPO/PCT 9P50_1; application date; applicant origin
CAN,2021,2558.8389,"OECD Data Explorer / DSD_PATENTS@DF_PATENTS_WIPO (WIPO PCT, 9P50_1, MEASURE=AP)",2026-06-30,OECD fractional count; WIPO/PCT 9P50_1; application date; applicant origin
CAN,2022,2549.9475,"OECD Data Explorer / DSD_PATENTS@DF_PATENTS_WIPO (WIPO PCT, 9P50_1, MEASURE=AP)",2026-06-30,OECD fractional count; WIPO/PCT 9P50_1; application date; applicant origin
CAN,2023,2360.1077,"OECD Data Explorer / DSD_PATENTS@DF_PATENTS_WIPO (WIPO PCT, 9P50_1, MEASURE=AP)",2026-06-30,OECD fractional count; WIPO/PCT 9P50_1; application date; applicant origin
CHE,2012,4337.187,"OECD Data Explorer / DSD_PATENTS@DF_PATENTS_WIPO (WIPO PCT, 9P50_1, MEASURE=AP)",2026-06-30,OECD fractional count; WIPO/PCT 9P50_1; application date; applicant origin
CHE,2013,4441.0679,"OECD Data Explorer / DSD_PATENTS@DF_PATENTS_WIPO (WIPO PCT, 9P50_1, MEASURE=AP)",2026-06-30,OECD fractional count; WIPO/PCT 9P50_1; application date; applicant origin
CHE,2014,4202.9575,"OECD Data Explorer / DSD_PATENTS@DF_PATENTS_WIPO (WIPO PCT, 9P50_1, MEASURE=AP)",2026-06-30,OECD fractional count; WIPO/PCT 9P50_1; application date; applicant origin
CHE,2015,4327.5166,"OECD Data Explorer / DSD_PATENTS@DF_PATENTS_WIPO (WIPO PCT, 9P50_1, MEASURE=AP)",2026-06-30,OECD fractional count; WIPO/PCT 9P50_1; application date; applicant origin
CHE,2016,4377.29,"OECD Data Explorer / DSD_PATENTS@DF_PATENTS_WIPO (WIPO PCT, 9P50_1, MEASURE=AP)",2026-06-30,OECD fractional count; WIPO/PCT 9P50_1; application date; applicant origin
CHE,2017,4554.5767,"OECD Data Explorer / DSD_PATENTS@DF_PATENTS_WIPO (WIPO PCT, 9P50_1, MEASURE=AP)",2026-06-30,OECD fractional count; WIPO/PCT 9P50_1; application date; applicant origin
CHE,2018,4585.7905,"OECD Data Explorer / DSD_PATENTS@DF_PATENTS_WIPO (WIPO PCT, 9P50_1, MEASURE=AP)",2026-06-30,OECD fractional count; WIPO/PCT 9P50_1; application date; applicant origin
CHE,2019,4624.5669,"OECD Data Explorer / DSD_PATENTS@DF_PATENTS_WIPO (WIPO PCT, 9P50_1, MEASURE=AP)",2026-06-30,OECD fractional count; WIPO/PCT 9P50_1; application date; applicant origin
CHE,2020,5129.5913,"OECD Data Explorer / DSD_PATENTS@DF_PATENTS_WIPO (WIPO PCT, 9P50_1, MEASURE=AP)",2026-06-30,OECD fractional count; WIPO/PCT 9P50_1; application date; applicant origin
CHE,2021,5329.1543,"OECD Data Explorer / DSD_PATENTS@DF_PATENTS_WIPO (WIPO PCT, 9P50_1, MEASURE=AP)",2026-06-30,OECD fractional count; WIPO/PCT 9P50_1; application date; applicant origin
CHE,2022,5316.5684,"OECD Data Explorer / DSD_PATENTS@DF_PATENTS_WIPO (WIPO PCT, 9P50_1, MEASURE=AP)",2026-06-30,OECD fractional count; WIPO/PCT 9P50_1; application date; applicant origin
CHE,2023,5304.3022,"OECD Data Explorer / DSD_PATENTS@DF_PATENTS_WIPO (WIPO PCT, 9P50_1, MEASURE=AP)",2026-06-30,OECD fractional count; WIPO/PCT 9P50_1; application date; applicant origin
CHL,2012,114.5833,"OECD Data Explorer / DSD_PATENTS@DF_PATENTS_WIPO (WIPO PCT, 9P50_1, MEASURE=AP)",2026-06-30,OECD fractional count; WIPO/PCT 9P50_1; application date; applicant origin
CHL,2013,129.75,"OECD Data Explorer / DSD_PATENTS@DF_PATENTS_WIPO (WIPO PCT, 9P50_1, MEASURE=AP)",2026-06-30,OECD fractional count; WIPO/PCT 9P50_1; application date; applicant origin
CHL,2014,126.5,"OECD Data Explorer / DSD_PATENTS@DF_PATENTS_WIPO (WIPO PCT, 9P50_1, MEASURE=AP)",2026-06-30,OECD fractional count; WIPO/PCT 9P50_1; application date; applicant origin
CHL,2015,139.8333,"OECD Data Explorer / DSD_PATENTS@DF_PATENTS_WIPO (WIPO PCT, 9P50_1, MEASURE=AP)",2026-06-30,OECD fractional count; WIPO/PCT 9P50_1; application date; applicant origin
CHL,2016,179.0,"OECD Data Explorer / DSD_PATENTS@DF_PATENTS_WIPO (WIPO PCT, 9P50_1, MEASURE=AP)",2026-06-30,OECD fractional count; WIPO/PCT 9P50_1; application date; applicant origin
CHL,2017,143.1667,"OECD Data Explorer / DSD_PATENTS@DF_PATENTS_WIPO (WIPO PCT, 9P50_1, MEASURE=AP)",2026-06-30,OECD fractional count; WIPO/PCT 9P50_1; application date; applicant origin
CHL,2018,220.5,"OECD Data Explorer / DSD_PATENTS@DF_PATENTS_WIPO (WIPO PCT, 9P50_1, MEASURE=AP)",2026-06-30,OECD fractional count; WIPO/PCT 9P50_1; application date; applicant origin
CHL,2019,202.5,"OECD Data Explorer / DSD_PATENTS@DF_PATENTS_WIPO (WIPO PCT, 9P50_1, MEASURE=AP)",2026-06-30,OECD fractional count; WIPO/PCT 9P50_1; application date; applicant origin
CHL,2020,216.1,"OECD Data Explorer / DSD_PATENTS@DF_PATENTS_WIPO (WIPO PCT, 9P50_1, MEASURE=AP)",2026-06-30,OECD fractional count; WIPO/PCT 9P50_1; application date; applicant origin
CHL,2021,155.4576,"OECD Data Explorer / DSD_PATENTS@DF_PATENTS_WIPO (WIPO PCT, 9P50_1, MEASURE=AP)",2026-06-30,OECD fractional count; WIPO/PCT 9P50_1; application date; applicant origin
CHL,2022,170.8333,"OECD Data Explorer / DSD_PATENTS@DF_PATENTS_WIPO (WIPO PCT, 9P50_1, MEASURE=AP)",2026-06-30,OECD fractional count; WIPO/PCT 9P50_1; application date; applicant origin
CHL,2023,156.25,"OECD Data Explorer / DSD_PATENTS@DF_PATENTS_WIPO (WIPO PCT, 9P50_1, MEASURE=AP)",2026-06-30,OECD fractional count; WIPO/PCT 9P50_1; application date; applicant origin
COL,2012,67.5,"OECD Data Explorer / DSD_PATENTS@DF_PATENTS_WIPO (WIPO PCT, 9P50_1, MEASURE=AP)",2026-06-30,OECD fractional count; WIPO/PCT 9P50_1; application date; applicant origin
COL,2013,72.4667,"OECD Data Explorer / DSD_PATENTS@DF_PATENTS_WIPO (WIPO PCT, 9P50_1, MEASURE=AP)",2026-06-30,OECD fractional count; WIPO/PCT 9P50_1; application date; applicant origin
COL,2014,96.4667,"OECD Data Explorer / DSD_PATENTS@DF_PATENTS_WIPO (WIPO PCT, 9P50_1, MEASURE=AP)",2026-06-30,OECD fractional count; WIPO/PCT 9P50_1; application date; applicant origin
COL,2015,75.981,"OECD Data Explorer / DSD_PATENTS@DF_PATENTS_WIPO (WIPO PCT, 9P50_1, MEASURE=AP)",2026-06-30,OECD fractional count; WIPO/PCT 9P50_1; application date; applicant origin
COL,2016,86.0833,"OECD Data Explorer / DSD_PATENTS@DF_PATENTS_WIPO (WIPO PCT, 9P50_1, MEASURE=AP)",2026-06-30,OECD fractional count; WIPO/PCT 9P50_1; application date; applicant origin
COL,2017,106.25,"OECD Data Explorer / DSD_PATENTS@DF_PATENTS_WIPO (WIPO PCT, 9P50_1, MEASURE=AP)",2026-06-30,OECD fractional count; WIPO/PCT 9P50_1; application date; applicant origin
COL,2018,140.6667,"OECD Data Explorer / DSD_PATENTS@DF_PATENTS_WIPO (WIPO PCT, 9P50_1, MEASURE=AP)",2026-06-30,OECD fractional count; WIPO/PCT 9P50_1; application date; applicant origin
COL,2019,118.0,"OECD Data Explorer / DSD_PATENTS@DF_PATENTS_WIPO (WIPO PCT, 9P50_1, MEASURE=AP)",2026-06-30,OECD fractional count; WIPO/PCT 9P50_1; application date; applicant origin
COL,2020,118.3333,"OECD Data Explorer / DSD_PATENTS@DF_PATENTS_WIPO (WIPO PCT, 9P50_1, MEASURE=AP)",2026-06-30,OECD fractional count; WIPO/PCT 9P50_1; application date; applicant origin
COL,2021,85.7,"OECD Data Explorer / DSD_PATENTS@DF_PATENTS_WIPO (WIPO PCT, 9P50_1, MEASURE=AP)",2026-06-30,OECD fractional count; WIPO/PCT 9P50_1; application date; applicant origin
COL,2022,106.0,"OECD Data Explorer / DSD_PATENTS@DF_PATENTS_WIPO (WIPO PCT, 9P50_1, MEASURE=AP)",2026-06-30,OECD fractional count; WIPO/PCT 9P50_1; application date; applicant origin
COL,2023,95.2333,"OECD Data Explorer / DSD_PATENTS@DF_PATENTS_WIPO (WIPO PCT, 9P50_1, MEASURE=AP)",2026-06-30,OECD fractional count; WIPO/PCT 9P50_1; application date; applicant origin
CRI,2012,4.3333,"OECD Data Explorer / DSD_PATENTS@DF_PATENTS_WIPO (WIPO PCT, 9P50_1, MEASURE=AP)",2026-06-30,OECD fractional count; WIPO/PCT 9P50_1; application date; applicant origin
CRI,2013,10.0,"OECD Data Explorer / DSD_PATENTS@DF_PATENTS_WIPO (WIPO PCT, 9P50_1, MEASURE=AP)",2026-06-30,OECD fractional count; WIPO/PCT 9P50_1; application date; applicant origin
CRI,2014,11.0,"OECD Data Explorer / DSD_PATENTS@DF_PATENTS_WIPO (WIPO PCT, 9P50_1, MEASURE=AP)",2026-06-30,OECD fractional count; WIPO/PCT 9P50_1; application date; applicant origin
CRI,2015,6.0,"OECD Data Explorer / DSD_PATENTS@DF_PATENTS_WIPO (WIPO PCT, 9P50_1, MEASURE=AP)",2026-06-30,OECD fractional count; WIPO/PCT 9P50_1; application date; applicant origin
CRI,2016,4.75,"OECD Data Explorer / DSD_PATENTS@DF_PATENTS_WIPO (WIPO PCT, 9P50_1, MEASURE=AP)",2026-06-30,OECD fractional count; WIPO/PCT 9P50_1; application date; applicant origin
CRI,2017,9.3333,"OECD Data Explorer / DSD_PATENTS@DF_PATENTS_WIPO (WIPO PCT, 9P50_1, MEASURE=AP)",2026-06-30,OECD fractional count; WIPO/PCT 9P50_1; application date; applicant origin
CRI,2018,13.5,"OECD Data Explorer / DSD_PATENTS@DF_PATENTS_WIPO (WIPO PCT, 9P50_1, MEASURE=AP)",2026-06-30,OECD fractional count; WIPO/PCT 9P50_1; application date; applicant origin
CRI,2019,9.0,"OECD Data Explorer / DSD_PATENTS@DF_PATENTS_WIPO (WIPO PCT, 9P50_1, MEASURE=AP)",2026-06-30,OECD fractional count; WIPO/PCT 9P50_1; application date; applicant origin
CRI,2020,9.0,"OECD Data Explorer / DSD_PATENTS@DF_PATENTS_WIPO (WIPO PCT, 9P50_1, MEASURE=AP)",2026-06-30,OECD fractional count; WIPO/PCT 9P50_1; application date; applicant origin
CRI,2021,6.0,"OECD Data Explorer / DSD_PATENTS@DF_PATENTS_WIPO (WIPO PCT, 9P50_1, MEASURE=AP)",2026-06-30,OECD fractional count; WIPO/PCT 9P50_1; application date; applicant origin
CRI,2022,3.0,"OECD Data Explorer / DSD_PATENTS@DF_PATENTS_WIPO (WIPO PCT, 9P50_1, MEASURE=AP)",2026-06-30,OECD fractional count; WIPO/PCT 9P50_1; application date; applicant origin
CRI,2023,3.3333,"OECD Data Explorer / DSD_PATENTS@DF_PATENTS_WIPO (WIPO PCT, 9P50_1, MEASURE=AP)",2026-06-30,OECD fractional count; WIPO/PCT 9P50_1; application date; applicant origin
CZE,2012,157.6111,"OECD Data Explorer / DSD_PATENTS@DF_PATENTS_WIPO (WIPO PCT, 9P50_1, MEASURE=AP)",2026-06-30,OECD fractional count; WIPO/PCT 9P50_1; application date; applicant origin
CZE,2013,185.8436,"OECD Data Explorer / DSD_PATENTS@DF_PATENTS_WIPO (WIPO PCT, 9P50_1, MEASURE=AP)",2026-06-30,OECD fractional count; WIPO/PCT 9P50_1; application date; applicant origin
CZE,2014,190.2,"OECD Data Explorer / DSD_PATENTS@DF_PATENTS_WIPO (WIPO PCT, 9P50_1, MEASURE=AP)",2026-06-30,OECD fractional count; WIPO/PCT 9P50_1; application date; applicant origin
CZE,2015,194.3333,"OECD Data Explorer / DSD_PATENTS@DF_PATENTS_WIPO (WIPO PCT, 9P50_1, MEASURE=AP)",2026-06-30,OECD fractional count; WIPO/PCT 9P50_1; application date; applicant origin
CZE,2016,196.6667,"OECD Data Explorer / DSD_PATENTS@DF_PATENTS_WIPO (WIPO PCT, 9P50_1, MEASURE=AP)",2026-06-30,OECD fractional count; WIPO/PCT 9P50_1; application date; applicant origin
CZE,2017,183.6667,"OECD Data Explorer / DSD_PATENTS@DF_PATENTS_WIPO (WIPO PCT, 9P50_1, MEASURE=AP)",2026-06-30,OECD fractional count; WIPO/PCT 9P50_1; application date; applicant origin
CZE,2018,180.2083,"OECD Data Explorer / DSD_PATENTS@DF_PATENTS_WIPO (WIPO PCT, 9P50_1, MEASURE=AP)",2026-06-30,OECD fractional count; WIPO/PCT 9P50_1; application date; applicant origin
CZE,2019,178.0,"OECD Data Explorer / DSD_PATENTS@DF_PATENTS_WIPO (WIPO PCT, 9P50_1, MEASURE=AP)",2026-06-30,OECD fractional count; WIPO/PCT 9P50_1; application date; applicant origin
CZE,2020,201.2095,"OECD Data Explorer / DSD_PATENTS@DF_PATENTS_WIPO (WIPO PCT, 9P50_1, MEASURE=AP)",2026-06-30,OECD fractional count; WIPO/PCT 9P50_1; application date; applicant origin
CZE,2021,277.3667,"OECD Data Explorer / DSD_PATENTS@DF_PATENTS_WIPO (WIPO PCT, 9P50_1, MEASURE=AP)",2026-06-30,OECD fractional count; WIPO/PCT 9P50_1; application date; applicant origin
CZE,2022,242.5833,"OECD Data Explorer / DSD_PATENTS@DF_PATENTS_WIPO (WIPO PCT, 9P50_1, MEASURE=AP)",2026-06-30,OECD fractional count; WIPO/PCT 9P50_1; application date; applicant origin
CZE,2023,172.4242,"OECD Data Explorer / DSD_PATENTS@DF_PATENTS_WIPO (WIPO PCT, 9P50_1, MEASURE=AP)",2026-06-30,OECD fractional count; WIPO/PCT 9P50_1; application date; applicant origin
DEU,2012,18477.168,"OECD Data Explorer / DSD_PATENTS@DF_PATENTS_WIPO (WIPO PCT, 9P50_1, MEASURE=AP)",2026-06-30,OECD fractional count; WIPO/PCT 9P50_1; application date; applicant origin
DEU,2013,17494.285,"OECD Data Explorer / DSD_PATENTS@DF_PATENTS_WIPO (WIPO PCT, 9P50_1, MEASURE=AP)",2026-06-30,OECD fractional count; WIPO/PCT 9P50_1; application date; applicant origin
DEU,2014,17583.699,"OECD Data Explorer / DSD_PATENTS@DF_PATENTS_WIPO (WIPO PCT, 9P50_1, MEASURE=AP)",2026-06-30,OECD fractional count; WIPO/PCT 9P50_1; application date; applicant origin
DEU,2015,17480.963,"OECD Data Explorer / DSD_PATENTS@DF_PATENTS_WIPO (WIPO PCT, 9P50_1, MEASURE=AP)",2026-06-30,OECD fractional count; WIPO/PCT 9P50_1; application date; applicant origin
DEU,2016,17790.016,"OECD Data Explorer / DSD_PATENTS@DF_PATENTS_WIPO (WIPO PCT, 9P50_1, MEASURE=AP)",2026-06-30,OECD fractional count; WIPO/PCT 9P50_1; application date; applicant origin
DEU,2017,18456.209,"OECD Data Explorer / DSD_PATENTS@DF_PATENTS_WIPO (WIPO PCT, 9P50_1, MEASURE=AP)",2026-06-30,OECD fractional count; WIPO/PCT 9P50_1; application date; applicant origin
DEU,2018,19267.117,"OECD Data Explorer / DSD_PATENTS@DF_PATENTS_WIPO (WIPO PCT, 9P50_1, MEASURE=AP)",2026-06-30,OECD fractional count; WIPO/PCT 9P50_1; application date; applicant origin
DEU,2019,18894.285,"OECD Data Explorer / DSD_PATENTS@DF_PATENTS_WIPO (WIPO PCT, 9P50_1, MEASURE=AP)",2026-06-30,OECD fractional count; WIPO/PCT 9P50_1; application date; applicant origin
DEU,2020,17971.365,"OECD Data Explorer / DSD_PATENTS@DF_PATENTS_WIPO (WIPO PCT, 9P50_1, MEASURE=AP)",2026-06-30,OECD fractional count; WIPO/PCT 9P50_1; application date; applicant origin
DEU,2021,16894.945,"OECD Data Explorer / DSD_PATENTS@DF_PATENTS_WIPO (WIPO PCT, 9P50_1, MEASURE=AP)",2026-06-30,OECD fractional count; WIPO/PCT 9P50_1; application date; applicant origin
DEU,2022,17149.602,"OECD Data Explorer / DSD_PATENTS@DF_PATENTS_WIPO (WIPO PCT, 9P50_1, MEASURE=AP)",2026-06-30,OECD fractional count; WIPO/PCT 9P50_1; application date; applicant origin
DEU,2023,16629.811,"OECD Data Explorer / DSD_PATENTS@DF_PATENTS_WIPO (WIPO PCT, 9P50_1, MEASURE=AP)",2026-06-30,OECD fractional count; WIPO/PCT 9P50_1; application date; applicant origin
DNK,2012,1326.6523,"OECD Data Explorer / DSD_PATENTS@DF_PATENTS_WIPO (WIPO PCT, 9P50_1, MEASURE=AP)",2026-06-30,OECD fractional count; WIPO/PCT 9P50_1; application date; applicant origin
DNK,2013,1215.7576,"OECD Data Explorer / DSD_PATENTS@DF_PATENTS_WIPO (WIPO PCT, 9P50_1, MEASURE=AP)",2026-06-30,OECD fractional count; WIPO/PCT 9P50_1; application date; applicant origin
DNK,2014,1224.0455,"OECD Data Explorer / DSD_PATENTS@DF_PATENTS_WIPO (WIPO PCT, 9P50_1, MEASURE=AP)",2026-06-30,OECD fractional count; WIPO/PCT 9P50_1; application date; applicant origin
DNK,2015,1286.25,"OECD Data Explorer / DSD_PATENTS@DF_PATENTS_WIPO (WIPO PCT, 9P50_1, MEASURE=AP)",2026-06-30,OECD fractional count; WIPO/PCT 9P50_1; application date; applicant origin
DNK,2016,1295.6909,"OECD Data Explorer / DSD_PATENTS@DF_PATENTS_WIPO (WIPO PCT, 9P50_1, MEASURE=AP)",2026-06-30,OECD fractional count; WIPO/PCT 9P50_1; application date; applicant origin
DNK,2017,1402.6833,"OECD Data Explorer / DSD_PATENTS@DF_PATENTS_WIPO (WIPO PCT, 9P50_1, MEASURE=AP)",2026-06-30,OECD fractional count; WIPO/PCT 9P50_1; application date; applicant origin
DNK,2018,1436.9167,"OECD Data Explorer / DSD_PATENTS@DF_PATENTS_WIPO (WIPO PCT, 9P50_1, MEASURE=AP)",2026-06-30,OECD fractional count; WIPO/PCT 9P50_1; application date; applicant origin
DNK,2019,1423.1667,"OECD Data Explorer / DSD_PATENTS@DF_PATENTS_WIPO (WIPO PCT, 9P50_1, MEASURE=AP)",2026-06-30,OECD fractional count; WIPO/PCT 9P50_1; application date; applicant origin
DNK,2020,1558.2417,"OECD Data Explorer / DSD_PATENTS@DF_PATENTS_WIPO (WIPO PCT, 9P50_1, MEASURE=AP)",2026-06-30,OECD fractional count; WIPO/PCT 9P50_1; application date; applicant origin
DNK,2021,1543.15,"OECD Data Explorer / DSD_PATENTS@DF_PATENTS_WIPO (WIPO PCT, 9P50_1, MEASURE=AP)",2026-06-30,OECD fractional count; WIPO/PCT 9P50_1; application date; applicant origin
DNK,2022,1474.9333,"OECD Data Explorer / DSD_PATENTS@DF_PATENTS_WIPO (WIPO PCT, 9P50_1, MEASURE=AP)",2026-06-30,OECD fractional count; WIPO/PCT 9P50_1; application date; applicant origin
DNK,2023,1493.1742,"OECD Data Explorer / DSD_PATENTS@DF_PATENTS_WIPO (WIPO PCT, 9P50_1, MEASURE=AP)",2026-06-30,OECD fractional count; WIPO/PCT 9P50_1; application date; applicant origin
ESP,2012,1610.4476,"OECD Data Explorer / DSD_PATENTS@DF_PATENTS_WIPO (WIPO PCT, 9P50_1, MEASURE=AP)",2026-06-30,OECD fractional count; WIPO/PCT 9P50_1; application date; applicant origin
ESP,2013,1591.3397,"OECD Data Explorer / DSD_PATENTS@DF_PATENTS_WIPO (WIPO PCT, 9P50_1, MEASURE=AP)",2026-06-30,OECD fractional count; WIPO/PCT 9P50_1; application date; applicant origin
ESP,2014,1517.4788,"OECD Data Explorer / DSD_PATENTS@DF_PATENTS_WIPO (WIPO PCT, 9P50_1, MEASURE=AP)",2026-06-30,OECD fractional count; WIPO/PCT 9P50_1; application date; applicant origin
ESP,2015,1457.4817,"OECD Data Explorer / DSD_PATENTS@DF_PATENTS_WIPO (WIPO PCT, 9P50_1, MEASURE=AP)",2026-06-30,OECD fractional count; WIPO/PCT 9P50_1; application date; applicant origin
ESP,2016,1459.4587,"OECD Data Explorer / DSD_PATENTS@DF_PATENTS_WIPO (WIPO PCT, 9P50_1, MEASURE=AP)",2026-06-30,OECD fractional count; WIPO/PCT 9P50_1; application date; applicant origin
ESP,2017,1359.7618,"OECD Data Explorer / DSD_PATENTS@DF_PATENTS_WIPO (WIPO PCT, 9P50_1, MEASURE=AP)",2026-06-30,OECD fractional count; WIPO/PCT 9P50_1; application date; applicant origin
ESP,2018,1424.6641,"OECD Data Explorer / DSD_PATENTS@DF_PATENTS_WIPO (WIPO PCT, 9P50_1, MEASURE=AP)",2026-06-30,OECD fractional count; WIPO/PCT 9P50_1; application date; applicant origin
ESP,2019,1476.639,"OECD Data Explorer / DSD_PATENTS@DF_PATENTS_WIPO (WIPO PCT, 9P50_1, MEASURE=AP)",2026-06-30,OECD fractional count; WIPO/PCT 9P50_1; application date; applicant origin
ESP,2020,1403.6202,"OECD Data Explorer / DSD_PATENTS@DF_PATENTS_WIPO (WIPO PCT, 9P50_1, MEASURE=AP)",2026-06-30,OECD fractional count; WIPO/PCT 9P50_1; application date; applicant origin
ESP,2021,1500.7079,"OECD Data Explorer / DSD_PATENTS@DF_PATENTS_WIPO (WIPO PCT, 9P50_1, MEASURE=AP)",2026-06-30,OECD fractional count; WIPO/PCT 9P50_1; application date; applicant origin
ESP,2022,1458.0,"OECD Data Explorer / DSD_PATENTS@DF_PATENTS_WIPO (WIPO PCT, 9P50_1, MEASURE=AP)",2026-06-30,OECD fractional count; WIPO/PCT 9P50_1; application date; applicant origin
ESP,2023,1417.0361,"OECD Data Explorer / DSD_PATENTS@DF_PATENTS_WIPO (WIPO PCT, 9P50_1, MEASURE=AP)",2026-06-30,OECD fractional count; WIPO/PCT 9P50_1; application date; applicant origin
EST,2012,33.0,"OECD Data Explorer / DSD_PATENTS@DF_PATENTS_WIPO (WIPO PCT, 9P50_1, MEASURE=AP)",2026-06-30,OECD fractional count; WIPO/PCT 9P50_1; application date; applicant origin
EST,2013,18.1667,"OECD Data Explorer / DSD_PATENTS@DF_PATENTS_WIPO (WIPO PCT, 9P50_1, MEASURE=AP)",2026-06-30,OECD fractional count; WIPO/PCT 9P50_1; application date; applicant origin
EST,2014,29.625,"OECD Data Explorer / DSD_PATENTS@DF_PATENTS_WIPO (WIPO PCT, 9P50_1, MEASURE=AP)",2026-06-30,OECD fractional count; WIPO/PCT 9P50_1; application date; applicant origin
EST,2015,25.0,"OECD Data Explorer / DSD_PATENTS@DF_PATENTS_WIPO (WIPO PCT, 9P50_1, MEASURE=AP)",2026-06-30,OECD fractional count; WIPO/PCT 9P50_1; application date; applicant origin
EST,2016,24.0833,"OECD Data Explorer / DSD_PATENTS@DF_PATENTS_WIPO (WIPO PCT, 9P50_1, MEASURE=AP)",2026-06-30,OECD fractional count; WIPO/PCT 9P50_1; application date; applicant origin
EST,2017,52.75,"OECD Data Explorer / DSD_PATENTS@DF_PATENTS_WIPO (WIPO PCT, 9P50_1, MEASURE=AP)",2026-06-30,OECD fractional count; WIPO/PCT 9P50_1; application date; applicant origin
EST,2018,47.5,"OECD Data Explorer / DSD_PATENTS@DF_PATENTS_WIPO (WIPO PCT, 9P50_1, MEASURE=AP)",2026-06-30,OECD fractional count; WIPO/PCT 9P50_1; application date; applicant origin
EST,2019,34.5,"OECD Data Explorer / DSD_PATENTS@DF_PATENTS_WIPO (WIPO PCT, 9P50_1, MEASURE=AP)",2026-06-30,OECD fractional count; WIPO/PCT 9P50_1; application date; applicant origin
EST,2020,49.8333,"OECD Data Explorer / DSD_PATENTS@DF_PATENTS_WIPO (WIPO PCT, 9P50_1, MEASURE=AP)",2026-06-30,OECD fractional count; WIPO/PCT 9P50_1; application date; applicant origin
EST,2021,50.3333,"OECD Data Explorer / DSD_PATENTS@DF_PATENTS_WIPO (WIPO PCT, 9P50_1, MEASURE=AP)",2026-06-30,OECD fractional count; WIPO/PCT 9P50_1; application date; applicant origin
EST,2022,29.0,"OECD Data Explorer / DSD_PATENTS@DF_PATENTS_WIPO (WIPO PCT, 9P50_1, MEASURE=AP)",2026-06-30,OECD fractional count; WIPO/PCT 9P50_1; application date; applicant origin
EST,2023,31.0,"OECD Data Explorer / DSD_PATENTS@DF_PATENTS_WIPO (WIPO PCT, 9P50_1, MEASURE=AP)",2026-06-30,OECD fractional count; WIPO/PCT 9P50_1; application date; applicant origin
FIN,2012,2217.5332,"OECD Data Explorer / DSD_PATENTS@DF_PATENTS_WIPO (WIPO PCT, 9P50_1, MEASURE=AP)",2026-06-30,OECD fractional count; WIPO/PCT 9P50_1; application date; applicant origin
FIN,2013,2043.3833,"OECD Data Explorer / DSD_PATENTS@DF_PATENTS_WIPO (WIPO PCT, 9P50_1, MEASURE=AP)",2026-06-30,OECD fractional count; WIPO/PCT 9P50_1; application date; applicant origin
FIN,2014,1782.5955,"OECD Data Explorer / DSD_PATENTS@DF_PATENTS_WIPO (WIPO PCT, 9P50_1, MEASURE=AP)",2026-06-30,OECD fractional count; WIPO/PCT 9P50_1; application date; applicant origin
FIN,2015,1538.3333,"OECD Data Explorer / DSD_PATENTS@DF_PATENTS_WIPO (WIPO PCT, 9P50_1, MEASURE=AP)",2026-06-30,OECD fractional count; WIPO/PCT 9P50_1; application date; applicant origin
FIN,2016,1493.5,"OECD Data Explorer / DSD_PATENTS@DF_PATENTS_WIPO (WIPO PCT, 9P50_1, MEASURE=AP)",2026-06-30,OECD fractional count; WIPO/PCT 9P50_1; application date; applicant origin
FIN,2017,1637.3167,"OECD Data Explorer / DSD_PATENTS@DF_PATENTS_WIPO (WIPO PCT, 9P50_1, MEASURE=AP)",2026-06-30,OECD fractional count; WIPO/PCT 9P50_1; application date; applicant origin
FIN,2018,1990.1667,"OECD Data Explorer / DSD_PATENTS@DF_PATENTS_WIPO (WIPO PCT, 9P50_1, MEASURE=AP)",2026-06-30,OECD fractional count; WIPO/PCT 9P50_1; application date; applicant origin
FIN,2019,1838.4167,"OECD Data Explorer / DSD_PATENTS@DF_PATENTS_WIPO (WIPO PCT, 9P50_1, MEASURE=AP)",2026-06-30,OECD fractional count; WIPO/PCT 9P50_1; application date; applicant origin
FIN,2020,1862.119,"OECD Data Explorer / DSD_PATENTS@DF_PATENTS_WIPO (WIPO PCT, 9P50_1, MEASURE=AP)",2026-06-30,OECD fractional count; WIPO/PCT 9P50_1; application date; applicant origin
FIN,2021,2132.5833,"OECD Data Explorer / DSD_PATENTS@DF_PATENTS_WIPO (WIPO PCT, 9P50_1, MEASURE=AP)",2026-06-30,OECD fractional count; WIPO/PCT 9P50_1; application date; applicant origin
FIN,2022,2056.0596,"OECD Data Explorer / DSD_PATENTS@DF_PATENTS_WIPO (WIPO PCT, 9P50_1, MEASURE=AP)",2026-06-30,OECD fractional count; WIPO/PCT 9P50_1; application date; applicant origin
FIN,2023,1963.0833,"OECD Data Explorer / DSD_PATENTS@DF_PATENTS_WIPO (WIPO PCT, 9P50_1, MEASURE=AP)",2026-06-30,OECD fractional count; WIPO/PCT 9P50_1; application date; applicant origin
FRA,2012,7993.938,"OECD Data Explorer / DSD_PATENTS@DF_PATENTS_WIPO (WIPO PCT, 9P50_1, MEASURE=AP)",2026-06-30,OECD fractional count; WIPO/PCT 9P50_1; application date; applicant origin
FRA,2013,8000.77,"OECD Data Explorer / DSD_PATENTS@DF_PATENTS_WIPO (WIPO PCT, 9P50_1, MEASURE=AP)",2026-06-30,OECD fractional count; WIPO/PCT 9P50_1; application date; applicant origin
FRA,2014,8342.293,"OECD Data Explorer / DSD_PATENTS@DF_PATENTS_WIPO (WIPO PCT, 9P50_1, MEASURE=AP)",2026-06-30,OECD fractional count; WIPO/PCT 9P50_1; application date; applicant origin
FRA,2015,8598.6016,"OECD Data Explorer / DSD_PATENTS@DF_PATENTS_WIPO (WIPO PCT, 9P50_1, MEASURE=AP)",2026-06-30,OECD fractional count; WIPO/PCT 9P50_1; application date; applicant origin
FRA,2016,8249.707,"OECD Data Explorer / DSD_PATENTS@DF_PATENTS_WIPO (WIPO PCT, 9P50_1, MEASURE=AP)",2026-06-30,OECD fractional count; WIPO/PCT 9P50_1; application date; applicant origin
FRA,2017,7863.7207,"OECD Data Explorer / DSD_PATENTS@DF_PATENTS_WIPO (WIPO PCT, 9P50_1, MEASURE=AP)",2026-06-30,OECD fractional count; WIPO/PCT 9P50_1; application date; applicant origin
FRA,2018,7862.4927,"OECD Data Explorer / DSD_PATENTS@DF_PATENTS_WIPO (WIPO PCT, 9P50_1, MEASURE=AP)",2026-06-30,OECD fractional count; WIPO/PCT 9P50_1; application date; applicant origin
FRA,2019,7852.1064,"OECD Data Explorer / DSD_PATENTS@DF_PATENTS_WIPO (WIPO PCT, 9P50_1, MEASURE=AP)",2026-06-30,OECD fractional count; WIPO/PCT 9P50_1; application date; applicant origin
FRA,2020,7774.2251,"OECD Data Explorer / DSD_PATENTS@DF_PATENTS_WIPO (WIPO PCT, 9P50_1, MEASURE=AP)",2026-06-30,OECD fractional count; WIPO/PCT 9P50_1; application date; applicant origin
FRA,2021,7311.7988,"OECD Data Explorer / DSD_PATENTS@DF_PATENTS_WIPO (WIPO PCT, 9P50_1, MEASURE=AP)",2026-06-30,OECD fractional count; WIPO/PCT 9P50_1; application date; applicant origin
FRA,2022,7678.2549,"OECD Data Explorer / DSD_PATENTS@DF_PATENTS_WIPO (WIPO PCT, 9P50_1, MEASURE=AP)",2026-06-30,OECD fractional count; WIPO/PCT 9P50_1; application date; applicant origin
FRA,2023,7939.7783,"OECD Data Explorer / DSD_PATENTS@DF_PATENTS_WIPO (WIPO PCT, 9P50_1, MEASURE=AP)",2026-06-30,OECD fractional count; WIPO/PCT 9P50_1; application date; applicant origin
GBR,2012,4699.8062,"OECD Data Explorer / DSD_PATENTS@DF_PATENTS_WIPO (WIPO PCT, 9P50_1, MEASURE=AP)",2026-06-30,OECD fractional count; WIPO/PCT 9P50_1; application date; applicant origin
GBR,2013,4735.0464,"OECD Data Explorer / DSD_PATENTS@DF_PATENTS_WIPO (WIPO PCT, 9P50_1, MEASURE=AP)",2026-06-30,OECD fractional count; WIPO/PCT 9P50_1; application date; applicant origin
GBR,2014,5098.0278,"OECD Data Explorer / DSD_PATENTS@DF_PATENTS_WIPO (WIPO PCT, 9P50_1, MEASURE=AP)",2026-06-30,OECD fractional count; WIPO/PCT 9P50_1; application date; applicant origin
GBR,2015,5159.853,"OECD Data Explorer / DSD_PATENTS@DF_PATENTS_WIPO (WIPO PCT, 9P50_1, MEASURE=AP)",2026-06-30,OECD fractional count; WIPO/PCT 9P50_1; application date; applicant origin
GBR,2016,5359.625,"OECD Data Explorer / DSD_PATENTS@DF_PATENTS_WIPO (WIPO PCT, 9P50_1, MEASURE=AP)",2026-06-30,OECD fractional count; WIPO/PCT 9P50_1; application date; applicant origin
GBR,2017,5427.8208,"OECD Data Explorer / DSD_PATENTS@DF_PATENTS_WIPO (WIPO PCT, 9P50_1, MEASURE=AP)",2026-06-30,OECD fractional count; WIPO/PCT 9P50_1; application date; applicant origin
GBR,2018,5430.7783,"OECD Data Explorer / DSD_PATENTS@DF_PATENTS_WIPO (WIPO PCT, 9P50_1, MEASURE=AP)",2026-06-30,OECD fractional count; WIPO/PCT 9P50_1; application date; applicant origin
GBR,2019,5586.0859,"OECD Data Explorer / DSD_PATENTS@DF_PATENTS_WIPO (WIPO PCT, 9P50_1, MEASURE=AP)",2026-06-30,OECD fractional count; WIPO/PCT 9P50_1; application date; applicant origin
GBR,2020,5779.1909,"OECD Data Explorer / DSD_PATENTS@DF_PATENTS_WIPO (WIPO PCT, 9P50_1, MEASURE=AP)",2026-06-30,OECD fractional count; WIPO/PCT 9P50_1; application date; applicant origin
GBR,2021,5819.5488,"OECD Data Explorer / DSD_PATENTS@DF_PATENTS_WIPO (WIPO PCT, 9P50_1, MEASURE=AP)",2026-06-30,OECD fractional count; WIPO/PCT 9P50_1; application date; applicant origin
GBR,2022,5700.3535,"OECD Data Explorer / DSD_PATENTS@DF_PATENTS_WIPO (WIPO PCT, 9P50_1, MEASURE=AP)",2026-06-30,OECD fractional count; WIPO/PCT 9P50_1; application date; applicant origin
GBR,2023,5574.8184,"OECD Data Explorer / DSD_PATENTS@DF_PATENTS_WIPO (WIPO PCT, 9P50_1, MEASURE=AP)",2026-06-30,OECD fractional count; WIPO/PCT 9P50_1; application date; applicant origin
GRC,2012,77.1111,"OECD Data Explorer / DSD_PATENTS@DF_PATENTS_WIPO (WIPO PCT, 9P50_1, MEASURE=AP)",2026-06-30,OECD fractional count; WIPO/PCT 9P50_1; application date; applicant origin
GRC,2013,86.5,"OECD Data Explorer / DSD_PATENTS@DF_PATENTS_WIPO (WIPO PCT, 9P50_1, MEASURE=AP)",2026-06-30,OECD fractional count; WIPO/PCT 9P50_1; application date; applicant origin
GRC,2014,93.7955,"OECD Data Explorer / DSD_PATENTS@DF_PATENTS_WIPO (WIPO PCT, 9P50_1, MEASURE=AP)",2026-06-30,OECD fractional count; WIPO/PCT 9P50_1; application date; applicant origin
GRC,2015,92.2333,"OECD Data Explorer / DSD_PATENTS@DF_PATENTS_WIPO (WIPO PCT, 9P50_1, MEASURE=AP)",2026-06-30,OECD fractional count; WIPO/PCT 9P50_1; application date; applicant origin
GRC,2016,94.5417,"OECD Data Explorer / DSD_PATENTS@DF_PATENTS_WIPO (WIPO PCT, 9P50_1, MEASURE=AP)",2026-06-30,OECD fractional count; WIPO/PCT 9P50_1; application date; applicant origin
GRC,2017,93.3333,"OECD Data Explorer / DSD_PATENTS@DF_PATENTS_WIPO (WIPO PCT, 9P50_1, MEASURE=AP)",2026-06-30,OECD fractional count; WIPO/PCT 9P50_1; application date; applicant origin
GRC,2018,98.3373,"OECD Data Explorer / DSD_PATENTS@DF_PATENTS_WIPO (WIPO PCT, 9P50_1, MEASURE=AP)",2026-06-30,OECD fractional count; WIPO/PCT 9P50_1; application date; applicant origin
GRC,2019,114.5833,"OECD Data Explorer / DSD_PATENTS@DF_PATENTS_WIPO (WIPO PCT, 9P50_1, MEASURE=AP)",2026-06-30,OECD fractional count; WIPO/PCT 9P50_1; application date; applicant origin
GRC,2020,93.7917,"OECD Data Explorer / DSD_PATENTS@DF_PATENTS_WIPO (WIPO PCT, 9P50_1, MEASURE=AP)",2026-06-30,OECD fractional count; WIPO/PCT 9P50_1; application date; applicant origin
GRC,2021,86.75,"OECD Data Explorer / DSD_PATENTS@DF_PATENTS_WIPO (WIPO PCT, 9P50_1, MEASURE=AP)",2026-06-30,OECD fractional count; WIPO/PCT 9P50_1; application date; applicant origin
GRC,2022,129.7167,"OECD Data Explorer / DSD_PATENTS@DF_PATENTS_WIPO (WIPO PCT, 9P50_1, MEASURE=AP)",2026-06-30,OECD fractional count; WIPO/PCT 9P50_1; application date; applicant origin
GRC,2023,101.75,"OECD Data Explorer / DSD_PATENTS@DF_PATENTS_WIPO (WIPO PCT, 9P50_1, MEASURE=AP)",2026-06-30,OECD fractional count; WIPO/PCT 9P50_1; application date; applicant origin
HKG,2012,410.1071,"OECD Data Explorer / DSD_PATENTS@DF_PATENTS_WIPO (WIPO PCT, 9P50_1, MEASURE=AP)",2026-06-30,OECD fractional count; WIPO/PCT 9P50_1; application date; applicant origin
HKG,2013,418.65,"OECD Data Explorer / DSD_PATENTS@DF_PATENTS_WIPO (WIPO PCT, 9P50_1, MEASURE=AP)",2026-06-30,OECD fractional count; WIPO/PCT 9P50_1; application date; applicant origin
HKG,2014,534.6667,"OECD Data Explorer / DSD_PATENTS@DF_PATENTS_WIPO (WIPO PCT, 9P50_1, MEASURE=AP)",2026-06-30,OECD fractional count; WIPO/PCT 9P50_1; application date; applicant origin
HKG,2015,611.5,"OECD Data Explorer / DSD_PATENTS@DF_PATENTS_WIPO (WIPO PCT, 9P50_1, MEASURE=AP)",2026-06-30,OECD fractional count; WIPO/PCT 9P50_1; application date; applicant origin
HKG,2016,735.9167,"OECD Data Explorer / DSD_PATENTS@DF_PATENTS_WIPO (WIPO PCT, 9P50_1, MEASURE=AP)",2026-06-30,OECD fractional count; WIPO/PCT 9P50_1; application date; applicant origin
HKG,2017,833.9,"OECD Data Explorer / DSD_PATENTS@DF_PATENTS_WIPO (WIPO PCT, 9P50_1, MEASURE=AP)",2026-06-30,OECD fractional count; WIPO/PCT 9P50_1; application date; applicant origin
HKG,2018,835.1,"OECD Data Explorer / DSD_PATENTS@DF_PATENTS_WIPO (WIPO PCT, 9P50_1, MEASURE=AP)",2026-06-30,OECD fractional count; WIPO/PCT 9P50_1; application date; applicant origin
HKG,2019,935.0095,"OECD Data Explorer / DSD_PATENTS@DF_PATENTS_WIPO (WIPO PCT, 9P50_1, MEASURE=AP)",2026-06-30,OECD fractional count; WIPO/PCT 9P50_1; application date; applicant origin
HKG,2020,905.8214,"OECD Data Explorer / DSD_PATENTS@DF_PATENTS_WIPO (WIPO PCT, 9P50_1, MEASURE=AP)",2026-06-30,OECD fractional count; WIPO/PCT 9P50_1; application date; applicant origin
HKG,2021,1246.5674,"OECD Data Explorer / DSD_PATENTS@DF_PATENTS_WIPO (WIPO PCT, 9P50_1, MEASURE=AP)",2026-06-30,OECD fractional count; WIPO/PCT 9P50_1; application date; applicant origin
HKG,2022,1897.9167,"OECD Data Explorer / DSD_PATENTS@DF_PATENTS_WIPO (WIPO PCT, 9P50_1, MEASURE=AP)",2026-06-30,OECD fractional count; WIPO/PCT 9P50_1; application date; applicant origin
HKG,2023,1336.8094,"OECD Data Explorer / DSD_PATENTS@DF_PATENTS_WIPO (WIPO PCT, 9P50_1, MEASURE=AP)",2026-06-30,OECD fractional count; WIPO/PCT 9P50_1; application date; applicant origin
HUN,2012,146.8333,"OECD Data Explorer / DSD_PATENTS@DF_PATENTS_WIPO (WIPO PCT, 9P50_1, MEASURE=AP)",2026-06-30,OECD fractional count; WIPO/PCT 9P50_1; application date; applicant origin
HUN,2013,153.8333,"OECD Data Explorer / DSD_PATENTS@DF_PATENTS_WIPO (WIPO PCT, 9P50_1, MEASURE=AP)",2026-06-30,OECD fractional count; WIPO/PCT 9P50_1; application date; applicant origin
HUN,2014,148.8333,"OECD Data Explorer / DSD_PATENTS@DF_PATENTS_WIPO (WIPO PCT, 9P50_1, MEASURE=AP)",2026-06-30,OECD fractional count; WIPO/PCT 9P50_1; application date; applicant origin
HUN,2015,132.3,"OECD Data Explorer / DSD_PATENTS@DF_PATENTS_WIPO (WIPO PCT, 9P50_1, MEASURE=AP)",2026-06-30,OECD fractional count; WIPO/PCT 9P50_1; application date; applicant origin
HUN,2016,164.2833,"OECD Data Explorer / DSD_PATENTS@DF_PATENTS_WIPO (WIPO PCT, 9P50_1, MEASURE=AP)",2026-06-30,OECD fractional count; WIPO/PCT 9P50_1; application date; applicant origin
HUN,2017,136.9583,"OECD Data Explorer / DSD_PATENTS@DF_PATENTS_WIPO (WIPO PCT, 9P50_1, MEASURE=AP)",2026-06-30,OECD fractional count; WIPO/PCT 9P50_1; application date; applicant origin
HUN,2018,140.0,"OECD Data Explorer / DSD_PATENTS@DF_PATENTS_WIPO (WIPO PCT, 9P50_1, MEASURE=AP)",2026-06-30,OECD fractional count; WIPO/PCT 9P50_1; application date; applicant origin
HUN,2019,140.1667,"OECD Data Explorer / DSD_PATENTS@DF_PATENTS_WIPO (WIPO PCT, 9P50_1, MEASURE=AP)",2026-06-30,OECD fractional count; WIPO/PCT 9P50_1; application date; applicant origin
HUN,2020,118.4643,"OECD Data Explorer / DSD_PATENTS@DF_PATENTS_WIPO (WIPO PCT, 9P50_1, MEASURE=AP)",2026-06-30,OECD fractional count; WIPO/PCT 9P50_1; application date; applicant origin
HUN,2021,103.6667,"OECD Data Explorer / DSD_PATENTS@DF_PATENTS_WIPO (WIPO PCT, 9P50_1, MEASURE=AP)",2026-06-30,OECD fractional count; WIPO/PCT 9P50_1; application date; applicant origin
HUN,2022,136.8214,"OECD Data Explorer / DSD_PATENTS@DF_PATENTS_WIPO (WIPO PCT, 9P50_1, MEASURE=AP)",2026-06-30,OECD fractional count; WIPO/PCT 9P50_1; application date; applicant origin
HUN,2023,140.4833,"OECD Data Explorer / DSD_PATENTS@DF_PATENTS_WIPO (WIPO PCT, 9P50_1, MEASURE=AP)",2026-06-30,OECD fractional count; WIPO/PCT 9P50_1; application date; applicant origin
IDN,2012,14.6667,"OECD Data Explorer / DSD_PATENTS@DF_PATENTS_WIPO (WIPO PCT, 9P50_1, MEASURE=AP)",2026-06-30,OECD fractional count; WIPO/PCT 9P50_1; application date; applicant origin
IDN,2013,15.8583,"OECD Data Explorer / DSD_PATENTS@DF_PATENTS_WIPO (WIPO PCT, 9P50_1, MEASURE=AP)",2026-06-30,OECD fractional count; WIPO/PCT 9P50_1; application date; applicant origin
IDN,2014,13.0,"OECD Data Explorer / DSD_PATENTS@DF_PATENTS_WIPO (WIPO PCT, 9P50_1, MEASURE=AP)",2026-06-30,OECD fractional count; WIPO/PCT 9P50_1; application date; applicant origin
IDN,2015,7.3333,"OECD Data Explorer / DSD_PATENTS@DF_PATENTS_WIPO (WIPO PCT, 9P50_1, MEASURE=AP)",2026-06-30,OECD fractional count; WIPO/PCT 9P50_1; application date; applicant origin
IDN,2016,7.5,"OECD Data Explorer / DSD_PATENTS@DF_PATENTS_WIPO (WIPO PCT, 9P50_1, MEASURE=AP)",2026-06-30,OECD fractional count; WIPO/PCT 9P50_1; application date; applicant origin
IDN,2017,7.75,"OECD Data Explorer / DSD_PATENTS@DF_PATENTS_WIPO (WIPO PCT, 9P50_1, MEASURE=AP)",2026-06-30,OECD fractional count; WIPO/PCT 9P50_1; application date; applicant origin
IDN,2018,7.7,"OECD Data Explorer / DSD_PATENTS@DF_PATENTS_WIPO (WIPO PCT, 9P50_1, MEASURE=AP)",2026-06-30,OECD fractional count; WIPO/PCT 9P50_1; application date; applicant origin
IDN,2019,6.6667,"OECD Data Explorer / DSD_PATENTS@DF_PATENTS_WIPO (WIPO PCT, 9P50_1, MEASURE=AP)",2026-06-30,OECD fractional count; WIPO/PCT 9P50_1; application date; applicant origin
IDN,2020,16.4167,"OECD Data Explorer / DSD_PATENTS@DF_PATENTS_WIPO (WIPO PCT, 9P50_1, MEASURE=AP)",2026-06-30,OECD fractional count; WIPO/PCT 9P50_1; application date; applicant origin
IDN,2021,7.6667,"OECD Data Explorer / DSD_PATENTS@DF_PATENTS_WIPO (WIPO PCT, 9P50_1, MEASURE=AP)",2026-06-30,OECD fractional count; WIPO/PCT 9P50_1; application date; applicant origin
IDN,2022,9.0,"OECD Data Explorer / DSD_PATENTS@DF_PATENTS_WIPO (WIPO PCT, 9P50_1, MEASURE=AP)",2026-06-30,OECD fractional count; WIPO/PCT 9P50_1; application date; applicant origin
IDN,2023,104.75,"OECD Data Explorer / DSD_PATENTS@DF_PATENTS_WIPO (WIPO PCT, 9P50_1, MEASURE=AP)",2026-06-30,OECD fractional count; WIPO/PCT 9P50_1; application date; applicant origin
IRL,2012,545.4922,"OECD Data Explorer / DSD_PATENTS@DF_PATENTS_WIPO (WIPO PCT, 9P50_1, MEASURE=AP)",2026-06-30,OECD fractional count; WIPO/PCT 9P50_1; application date; applicant origin
IRL,2013,555.0,"OECD Data Explorer / DSD_PATENTS@DF_PATENTS_WIPO (WIPO PCT, 9P50_1, MEASURE=AP)",2026-06-30,OECD fractional count; WIPO/PCT 9P50_1; application date; applicant origin
IRL,2014,571.8333,"OECD Data Explorer / DSD_PATENTS@DF_PATENTS_WIPO (WIPO PCT, 9P50_1, MEASURE=AP)",2026-06-30,OECD fractional count; WIPO/PCT 9P50_1; application date; applicant origin
IRL,2015,598.4595,"OECD Data Explorer / DSD_PATENTS@DF_PATENTS_WIPO (WIPO PCT, 9P50_1, MEASURE=AP)",2026-06-30,OECD fractional count; WIPO/PCT 9P50_1; application date; applicant origin
IRL,2016,646.6167,"OECD Data Explorer / DSD_PATENTS@DF_PATENTS_WIPO (WIPO PCT, 9P50_1, MEASURE=AP)",2026-06-30,OECD fractional count; WIPO/PCT 9P50_1; application date; applicant origin
IRL,2017,704.5583,"OECD Data Explorer / DSD_PATENTS@DF_PATENTS_WIPO (WIPO PCT, 9P50_1, MEASURE=AP)",2026-06-30,OECD fractional count; WIPO/PCT 9P50_1; application date; applicant origin
IRL,2018,650.7706,"OECD Data Explorer / DSD_PATENTS@DF_PATENTS_WIPO (WIPO PCT, 9P50_1, MEASURE=AP)",2026-06-30,OECD fractional count; WIPO/PCT 9P50_1; application date; applicant origin
IRL,2019,704.9583,"OECD Data Explorer / DSD_PATENTS@DF_PATENTS_WIPO (WIPO PCT, 9P50_1, MEASURE=AP)",2026-06-30,OECD fractional count; WIPO/PCT 9P50_1; application date; applicant origin
IRL,2020,783.1,"OECD Data Explorer / DSD_PATENTS@DF_PATENTS_WIPO (WIPO PCT, 9P50_1, MEASURE=AP)",2026-06-30,OECD fractional count; WIPO/PCT 9P50_1; application date; applicant origin
IRL,2021,946.5333,"OECD Data Explorer / DSD_PATENTS@DF_PATENTS_WIPO (WIPO PCT, 9P50_1, MEASURE=AP)",2026-06-30,OECD fractional count; WIPO/PCT 9P50_1; application date; applicant origin
IRL,2022,803.5167,"OECD Data Explorer / DSD_PATENTS@DF_PATENTS_WIPO (WIPO PCT, 9P50_1, MEASURE=AP)",2026-06-30,OECD fractional count; WIPO/PCT 9P50_1; application date; applicant origin
IRL,2023,786.05,"OECD Data Explorer / DSD_PATENTS@DF_PATENTS_WIPO (WIPO PCT, 9P50_1, MEASURE=AP)",2026-06-30,OECD fractional count; WIPO/PCT 9P50_1; application date; applicant origin
ISL,2012,37.0,"OECD Data Explorer / DSD_PATENTS@DF_PATENTS_WIPO (WIPO PCT, 9P50_1, MEASURE=AP)",2026-06-30,OECD fractional count; WIPO/PCT 9P50_1; application date; applicant origin
ISL,2013,43.75,"OECD Data Explorer / DSD_PATENTS@DF_PATENTS_WIPO (WIPO PCT, 9P50_1, MEASURE=AP)",2026-06-30,OECD fractional count; WIPO/PCT 9P50_1; application date; applicant origin
ISL,2014,45.0,"OECD Data Explorer / DSD_PATENTS@DF_PATENTS_WIPO (WIPO PCT, 9P50_1, MEASURE=AP)",2026-06-30,OECD fractional count; WIPO/PCT 9P50_1; application date; applicant origin
ISL,2015,44.0,"OECD Data Explorer / DSD_PATENTS@DF_PATENTS_WIPO (WIPO PCT, 9P50_1, MEASURE=AP)",2026-06-30,OECD fractional count; WIPO/PCT 9P50_1; application date; applicant origin
ISL,2016,53.0,"OECD Data Explorer / DSD_PATENTS@DF_PATENTS_WIPO (WIPO PCT, 9P50_1, MEASURE=AP)",2026-06-30,OECD fractional count; WIPO/PCT 9P50_1; application date; applicant origin
ISL,2017,37.25,"OECD Data Explorer / DSD_PATENTS@DF_PATENTS_WIPO (WIPO PCT, 9P50_1, MEASURE=AP)",2026-06-30,OECD fractional count; WIPO/PCT 9P50_1; application date; applicant origin
ISL,2018,50.5,"OECD Data Explorer / DSD_PATENTS@DF_PATENTS_WIPO (WIPO PCT, 9P50_1, MEASURE=AP)",2026-06-30,OECD fractional count; WIPO/PCT 9P50_1; application date; applicant origin
ISL,2019,39.0,"OECD Data Explorer / DSD_PATENTS@DF_PATENTS_WIPO (WIPO PCT, 9P50_1, MEASURE=AP)",2026-06-30,OECD fractional count; WIPO/PCT 9P50_1; application date; applicant origin
ISL,2020,46.1667,"OECD Data Explorer / DSD_PATENTS@DF_PATENTS_WIPO (WIPO PCT, 9P50_1, MEASURE=AP)",2026-06-30,OECD fractional count; WIPO/PCT 9P50_1; application date; applicant origin
ISL,2021,33.5,"OECD Data Explorer / DSD_PATENTS@DF_PATENTS_WIPO (WIPO PCT, 9P50_1, MEASURE=AP)",2026-06-30,OECD fractional count; WIPO/PCT 9P50_1; application date; applicant origin
ISL,2022,38.3333,"OECD Data Explorer / DSD_PATENTS@DF_PATENTS_WIPO (WIPO PCT, 9P50_1, MEASURE=AP)",2026-06-30,OECD fractional count; WIPO/PCT 9P50_1; application date; applicant origin
ISL,2023,45.5,"OECD Data Explorer / DSD_PATENTS@DF_PATENTS_WIPO (WIPO PCT, 9P50_1, MEASURE=AP)",2026-06-30,OECD fractional count; WIPO/PCT 9P50_1; application date; applicant origin
ISR,2012,1321.2833,"OECD Data Explorer / DSD_PATENTS@DF_PATENTS_WIPO (WIPO PCT, 9P50_1, MEASURE=AP)",2026-06-30,OECD fractional count; WIPO/PCT 9P50_1; application date; applicant origin
ISR,2013,1542.7086,"OECD Data Explorer / DSD_PATENTS@DF_PATENTS_WIPO (WIPO PCT, 9P50_1, MEASURE=AP)",2026-06-30,OECD fractional count; WIPO/PCT 9P50_1; application date; applicant origin
ISR,2014,1527.2061,"OECD Data Explorer / DSD_PATENTS@DF_PATENTS_WIPO (WIPO PCT, 9P50_1, MEASURE=AP)",2026-06-30,OECD fractional count; WIPO/PCT 9P50_1; application date; applicant origin
ISR,2015,1643.4583,"OECD Data Explorer / DSD_PATENTS@DF_PATENTS_WIPO (WIPO PCT, 9P50_1, MEASURE=AP)",2026-06-30,OECD fractional count; WIPO/PCT 9P50_1; application date; applicant origin
ISR,2016,1771.8167,"OECD Data Explorer / DSD_PATENTS@DF_PATENTS_WIPO (WIPO PCT, 9P50_1, MEASURE=AP)",2026-06-30,OECD fractional count; WIPO/PCT 9P50_1; application date; applicant origin
ISR,2017,1779.4333,"OECD Data Explorer / DSD_PATENTS@DF_PATENTS_WIPO (WIPO PCT, 9P50_1, MEASURE=AP)",2026-06-30,OECD fractional count; WIPO/PCT 9P50_1; application date; applicant origin
ISR,2018,1825.8632,"OECD Data Explorer / DSD_PATENTS@DF_PATENTS_WIPO (WIPO PCT, 9P50_1, MEASURE=AP)",2026-06-30,OECD fractional count; WIPO/PCT 9P50_1; application date; applicant origin
ISR,2019,1958.7821,"OECD Data Explorer / DSD_PATENTS@DF_PATENTS_WIPO (WIPO PCT, 9P50_1, MEASURE=AP)",2026-06-30,OECD fractional count; WIPO/PCT 9P50_1; application date; applicant origin
ISR,2020,1884.5881,"OECD Data Explorer / DSD_PATENTS@DF_PATENTS_WIPO (WIPO PCT, 9P50_1, MEASURE=AP)",2026-06-30,OECD fractional count; WIPO/PCT 9P50_1; application date; applicant origin
ISR,2021,2088.1487,"OECD Data Explorer / DSD_PATENTS@DF_PATENTS_WIPO (WIPO PCT, 9P50_1, MEASURE=AP)",2026-06-30,OECD fractional count; WIPO/PCT 9P50_1; application date; applicant origin
ISR,2022,1933.8583,"OECD Data Explorer / DSD_PATENTS@DF_PATENTS_WIPO (WIPO PCT, 9P50_1, MEASURE=AP)",2026-06-30,OECD fractional count; WIPO/PCT 9P50_1; application date; applicant origin
ISR,2023,1853.0613,"OECD Data Explorer / DSD_PATENTS@DF_PATENTS_WIPO (WIPO PCT, 9P50_1, MEASURE=AP)",2026-06-30,OECD fractional count; WIPO/PCT 9P50_1; application date; applicant origin
ITA,2012,2800.3235,"OECD Data Explorer / DSD_PATENTS@DF_PATENTS_WIPO (WIPO PCT, 9P50_1, MEASURE=AP)",2026-06-30,OECD fractional count; WIPO/PCT 9P50_1; application date; applicant origin
ITA,2013,2791.1001,"OECD Data Explorer / DSD_PATENTS@DF_PATENTS_WIPO (WIPO PCT, 9P50_1, MEASURE=AP)",2026-06-30,OECD fractional count; WIPO/PCT 9P50_1; application date; applicant origin
ITA,2014,2983.5864,"OECD Data Explorer / DSD_PATENTS@DF_PATENTS_WIPO (WIPO PCT, 9P50_1, MEASURE=AP)",2026-06-30,OECD fractional count; WIPO/PCT 9P50_1; application date; applicant origin
ITA,2015,3032.4583,"OECD Data Explorer / DSD_PATENTS@DF_PATENTS_WIPO (WIPO PCT, 9P50_1, MEASURE=AP)",2026-06-30,OECD fractional count; WIPO/PCT 9P50_1; application date; applicant origin
ITA,2016,3196.8943,"OECD Data Explorer / DSD_PATENTS@DF_PATENTS_WIPO (WIPO PCT, 9P50_1, MEASURE=AP)",2026-06-30,OECD fractional count; WIPO/PCT 9P50_1; application date; applicant origin
ITA,2017,3148.3833,"OECD Data Explorer / DSD_PATENTS@DF_PATENTS_WIPO (WIPO PCT, 9P50_1, MEASURE=AP)",2026-06-30,OECD fractional count; WIPO/PCT 9P50_1; application date; applicant origin
ITA,2018,3177.2463,"OECD Data Explorer / DSD_PATENTS@DF_PATENTS_WIPO (WIPO PCT, 9P50_1, MEASURE=AP)",2026-06-30,OECD fractional count; WIPO/PCT 9P50_1; application date; applicant origin
ITA,2019,3310.1326,"OECD Data Explorer / DSD_PATENTS@DF_PATENTS_WIPO (WIPO PCT, 9P50_1, MEASURE=AP)",2026-06-30,OECD fractional count; WIPO/PCT 9P50_1; application date; applicant origin
ITA,2020,3344.0249,"OECD Data Explorer / DSD_PATENTS@DF_PATENTS_WIPO (WIPO PCT, 9P50_1, MEASURE=AP)",2026-06-30,OECD fractional count; WIPO/PCT 9P50_1; application date; applicant origin
ITA,2021,3509.7678,"OECD Data Explorer / DSD_PATENTS@DF_PATENTS_WIPO (WIPO PCT, 9P50_1, MEASURE=AP)",2026-06-30,OECD fractional count; WIPO/PCT 9P50_1; application date; applicant origin
ITA,2022,3282.9189,"OECD Data Explorer / DSD_PATENTS@DF_PATENTS_WIPO (WIPO PCT, 9P50_1, MEASURE=AP)",2026-06-30,OECD fractional count; WIPO/PCT 9P50_1; application date; applicant origin
ITA,2023,3059.1482,"OECD Data Explorer / DSD_PATENTS@DF_PATENTS_WIPO (WIPO PCT, 9P50_1, MEASURE=AP)",2026-06-30,OECD fractional count; WIPO/PCT 9P50_1; application date; applicant origin
JPN,2012,43105.816,"OECD Data Explorer / DSD_PATENTS@DF_PATENTS_WIPO (WIPO PCT, 9P50_1, MEASURE=AP)",2026-06-30,OECD fractional count; WIPO/PCT 9P50_1; application date; applicant origin
JPN,2013,43224.125,"OECD Data Explorer / DSD_PATENTS@DF_PATENTS_WIPO (WIPO PCT, 9P50_1, MEASURE=AP)",2026-06-30,OECD fractional count; WIPO/PCT 9P50_1; application date; applicant origin
JPN,2014,41952.324,"OECD Data Explorer / DSD_PATENTS@DF_PATENTS_WIPO (WIPO PCT, 9P50_1, MEASURE=AP)",2026-06-30,OECD fractional count; WIPO/PCT 9P50_1; application date; applicant origin
JPN,2015,43820.895,"OECD Data Explorer / DSD_PATENTS@DF_PATENTS_WIPO (WIPO PCT, 9P50_1, MEASURE=AP)",2026-06-30,OECD fractional count; WIPO/PCT 9P50_1; application date; applicant origin
JPN,2016,44923.492,"OECD Data Explorer / DSD_PATENTS@DF_PATENTS_WIPO (WIPO PCT, 9P50_1, MEASURE=AP)",2026-06-30,OECD fractional count; WIPO/PCT 9P50_1; application date; applicant origin
JPN,2017,47910.707,"OECD Data Explorer / DSD_PATENTS@DF_PATENTS_WIPO (WIPO PCT, 9P50_1, MEASURE=AP)",2026-06-30,OECD fractional count; WIPO/PCT 9P50_1; application date; applicant origin
JPN,2018,49216.184,"OECD Data Explorer / DSD_PATENTS@DF_PATENTS_WIPO (WIPO PCT, 9P50_1, MEASURE=AP)",2026-06-30,OECD fractional count; WIPO/PCT 9P50_1; application date; applicant origin
JPN,2019,52299.316,"OECD Data Explorer / DSD_PATENTS@DF_PATENTS_WIPO (WIPO PCT, 9P50_1, MEASURE=AP)",2026-06-30,OECD fractional count; WIPO/PCT 9P50_1; application date; applicant origin
JPN,2020,50218.578,"OECD Data Explorer / DSD_PATENTS@DF_PATENTS_WIPO (WIPO PCT, 9P50_1, MEASURE=AP)",2026-06-30,OECD fractional count; WIPO/PCT 9P50_1; application date; applicant origin
JPN,2021,49677.051,"OECD Data Explorer / DSD_PATENTS@DF_PATENTS_WIPO (WIPO PCT, 9P50_1, MEASURE=AP)",2026-06-30,OECD fractional count; WIPO/PCT 9P50_1; application date; applicant origin
JPN,2022,50222.496,"OECD Data Explorer / DSD_PATENTS@DF_PATENTS_WIPO (WIPO PCT, 9P50_1, MEASURE=AP)",2026-06-30,OECD fractional count; WIPO/PCT 9P50_1; application date; applicant origin
JPN,2023,48722.121,"OECD Data Explorer / DSD_PATENTS@DF_PATENTS_WIPO (WIPO PCT, 9P50_1, MEASURE=AP)",2026-06-30,OECD fractional count; WIPO/PCT 9P50_1; application date; applicant origin
KOR,2012,11082.75,"OECD Data Explorer / DSD_PATENTS@DF_PATENTS_WIPO (WIPO PCT, 9P50_1, MEASURE=AP)",2026-06-30,OECD fractional count; WIPO/PCT 9P50_1; application date; applicant origin
KOR,2013,11765.01,"OECD Data Explorer / DSD_PATENTS@DF_PATENTS_WIPO (WIPO PCT, 9P50_1, MEASURE=AP)",2026-06-30,OECD fractional count; WIPO/PCT 9P50_1; application date; applicant origin
KOR,2014,12455.012,"OECD Data Explorer / DSD_PATENTS@DF_PATENTS_WIPO (WIPO PCT, 9P50_1, MEASURE=AP)",2026-06-30,OECD fractional count; WIPO/PCT 9P50_1; application date; applicant origin
KOR,2015,13776.167,"OECD Data Explorer / DSD_PATENTS@DF_PATENTS_WIPO (WIPO PCT, 9P50_1, MEASURE=AP)",2026-06-30,OECD fractional count; WIPO/PCT 9P50_1; application date; applicant origin
KOR,2016,14797.983,"OECD Data Explorer / DSD_PATENTS@DF_PATENTS_WIPO (WIPO PCT, 9P50_1, MEASURE=AP)",2026-06-30,OECD fractional count; WIPO/PCT 9P50_1; application date; applicant origin
KOR,2017,14949.076,"OECD Data Explorer / DSD_PATENTS@DF_PATENTS_WIPO (WIPO PCT, 9P50_1, MEASURE=AP)",2026-06-30,OECD fractional count; WIPO/PCT 9P50_1; application date; applicant origin
KOR,2018,16127.813,"OECD Data Explorer / DSD_PATENTS@DF_PATENTS_WIPO (WIPO PCT, 9P50_1, MEASURE=AP)",2026-06-30,OECD fractional count; WIPO/PCT 9P50_1; application date; applicant origin
KOR,2019,18327.117,"OECD Data Explorer / DSD_PATENTS@DF_PATENTS_WIPO (WIPO PCT, 9P50_1, MEASURE=AP)",2026-06-30,OECD fractional count; WIPO/PCT 9P50_1; application date; applicant origin
KOR,2020,19280.15,"OECD Data Explorer / DSD_PATENTS@DF_PATENTS_WIPO (WIPO PCT, 9P50_1, MEASURE=AP)",2026-06-30,OECD fractional count; WIPO/PCT 9P50_1; application date; applicant origin
KOR,2021,20224.732,"OECD Data Explorer / DSD_PATENTS@DF_PATENTS_WIPO (WIPO PCT, 9P50_1, MEASURE=AP)",2026-06-30,OECD fractional count; WIPO/PCT 9P50_1; application date; applicant origin
KOR,2022,21562.066,"OECD Data Explorer / DSD_PATENTS@DF_PATENTS_WIPO (WIPO PCT, 9P50_1, MEASURE=AP)",2026-06-30,OECD fractional count; WIPO/PCT 9P50_1; application date; applicant origin
KOR,2023,21867.354,"OECD Data Explorer / DSD_PATENTS@DF_PATENTS_WIPO (WIPO PCT, 9P50_1, MEASURE=AP)",2026-06-30,OECD fractional count; WIPO/PCT 9P50_1; application date; applicant origin
LTU,2012,29.5,"OECD Data Explorer / DSD_PATENTS@DF_PATENTS_WIPO (WIPO PCT, 9P50_1, MEASURE=AP)",2026-06-30,OECD fractional count; WIPO/PCT 9P50_1; application date; applicant origin
LTU,2013,41.6333,"OECD Data Explorer / DSD_PATENTS@DF_PATENTS_WIPO (WIPO PCT, 9P50_1, MEASURE=AP)",2026-06-30,OECD fractional count; WIPO/PCT 9P50_1; application date; applicant origin
LTU,2014,49.9167,"OECD Data Explorer / DSD_PATENTS@DF_PATENTS_WIPO (WIPO PCT, 9P50_1, MEASURE=AP)",2026-06-30,OECD fractional count; WIPO/PCT 9P50_1; application date; applicant origin
LTU,2015,42.8333,"OECD Data Explorer / DSD_PATENTS@DF_PATENTS_WIPO (WIPO PCT, 9P50_1, MEASURE=AP)",2026-06-30,OECD fractional count; WIPO/PCT 9P50_1; application date; applicant origin
LTU,2016,26.5,"OECD Data Explorer / DSD_PATENTS@DF_PATENTS_WIPO (WIPO PCT, 9P50_1, MEASURE=AP)",2026-06-30,OECD fractional count; WIPO/PCT 9P50_1; application date; applicant origin
LTU,2017,27.75,"OECD Data Explorer / DSD_PATENTS@DF_PATENTS_WIPO (WIPO PCT, 9P50_1, MEASURE=AP)",2026-06-30,OECD fractional count; WIPO/PCT 9P50_1; application date; applicant origin
LTU,2018,36.3667,"OECD Data Explorer / DSD_PATENTS@DF_PATENTS_WIPO (WIPO PCT, 9P50_1, MEASURE=AP)",2026-06-30,OECD fractional count; WIPO/PCT 9P50_1; application date; applicant origin
LTU,2019,31.25,"OECD Data Explorer / DSD_PATENTS@DF_PATENTS_WIPO (WIPO PCT, 9P50_1, MEASURE=AP)",2026-06-30,OECD fractional count; WIPO/PCT 9P50_1; application date; applicant origin
LTU,2020,38.5,"OECD Data Explorer / DSD_PATENTS@DF_PATENTS_WIPO (WIPO PCT, 9P50_1, MEASURE=AP)",2026-06-30,OECD fractional count; WIPO/PCT 9P50_1; application date; applicant origin
LTU,2021,44.5,"OECD Data Explorer / DSD_PATENTS@DF_PATENTS_WIPO (WIPO PCT, 9P50_1, MEASURE=AP)",2026-06-30,OECD fractional count; WIPO/PCT 9P50_1; application date; applicant origin
LTU,2022,36.5833,"OECD Data Explorer / DSD_PATENTS@DF_PATENTS_WIPO (WIPO PCT, 9P50_1, MEASURE=AP)",2026-06-30,OECD fractional count; WIPO/PCT 9P50_1; application date; applicant origin
LTU,2023,40.5,"OECD Data Explorer / DSD_PATENTS@DF_PATENTS_WIPO (WIPO PCT, 9P50_1, MEASURE=AP)",2026-06-30,OECD fractional count; WIPO/PCT 9P50_1; application date; applicant origin
LUX,2012,427.0667,"OECD Data Explorer / DSD_PATENTS@DF_PATENTS_WIPO (WIPO PCT, 9P50_1, MEASURE=AP)",2026-06-30,OECD fractional count; WIPO/PCT 9P50_1; application date; applicant origin
LUX,2013,478.1762,"OECD Data Explorer / DSD_PATENTS@DF_PATENTS_WIPO (WIPO PCT, 9P50_1, MEASURE=AP)",2026-06-30,OECD fractional count; WIPO/PCT 9P50_1; application date; applicant origin
LUX,2014,526.9778,"OECD Data Explorer / DSD_PATENTS@DF_PATENTS_WIPO (WIPO PCT, 9P50_1, MEASURE=AP)",2026-06-30,OECD fractional count; WIPO/PCT 9P50_1; application date; applicant origin
LUX,2015,453.6667,"OECD Data Explorer / DSD_PATENTS@DF_PATENTS_WIPO (WIPO PCT, 9P50_1, MEASURE=AP)",2026-06-30,OECD fractional count; WIPO/PCT 9P50_1; application date; applicant origin
LUX,2016,404.6012,"OECD Data Explorer / DSD_PATENTS@DF_PATENTS_WIPO (WIPO PCT, 9P50_1, MEASURE=AP)",2026-06-30,OECD fractional count; WIPO/PCT 9P50_1; application date; applicant origin
LUX,2017,418.5,"OECD Data Explorer / DSD_PATENTS@DF_PATENTS_WIPO (WIPO PCT, 9P50_1, MEASURE=AP)",2026-06-30,OECD fractional count; WIPO/PCT 9P50_1; application date; applicant origin
LUX,2018,356.0417,"OECD Data Explorer / DSD_PATENTS@DF_PATENTS_WIPO (WIPO PCT, 9P50_1, MEASURE=AP)",2026-06-30,OECD fractional count; WIPO/PCT 9P50_1; application date; applicant origin
LUX,2019,345.1667,"OECD Data Explorer / DSD_PATENTS@DF_PATENTS_WIPO (WIPO PCT, 9P50_1, MEASURE=AP)",2026-06-30,OECD fractional count; WIPO/PCT 9P50_1; application date; applicant origin
LUX,2020,293.0833,"OECD Data Explorer / DSD_PATENTS@DF_PATENTS_WIPO (WIPO PCT, 9P50_1, MEASURE=AP)",2026-06-30,OECD fractional count; WIPO/PCT 9P50_1; application date; applicant origin
LUX,2021,333.3333,"OECD Data Explorer / DSD_PATENTS@DF_PATENTS_WIPO (WIPO PCT, 9P50_1, MEASURE=AP)",2026-06-30,OECD fractional count; WIPO/PCT 9P50_1; application date; applicant origin
LUX,2022,288.25,"OECD Data Explorer / DSD_PATENTS@DF_PATENTS_WIPO (WIPO PCT, 9P50_1, MEASURE=AP)",2026-06-30,OECD fractional count; WIPO/PCT 9P50_1; application date; applicant origin
LUX,2023,320.5833,"OECD Data Explorer / DSD_PATENTS@DF_PATENTS_WIPO (WIPO PCT, 9P50_1, MEASURE=AP)",2026-06-30,OECD fractional count; WIPO/PCT 9P50_1; application date; applicant origin
LVA,2012,36.5,"OECD Data Explorer / DSD_PATENTS@DF_PATENTS_WIPO (WIPO PCT, 9P50_1, MEASURE=AP)",2026-06-30,OECD fractional count; WIPO/PCT 9P50_1; application date; applicant origin
LVA,2013,24.6667,"OECD Data Explorer / DSD_PATENTS@DF_PATENTS_WIPO (WIPO PCT, 9P50_1, MEASURE=AP)",2026-06-30,OECD fractional count; WIPO/PCT 9P50_1; application date; applicant origin
LVA,2014,28.5,"OECD Data Explorer / DSD_PATENTS@DF_PATENTS_WIPO (WIPO PCT, 9P50_1, MEASURE=AP)",2026-06-30,OECD fractional count; WIPO/PCT 9P50_1; application date; applicant origin
LVA,2015,26.0,"OECD Data Explorer / DSD_PATENTS@DF_PATENTS_WIPO (WIPO PCT, 9P50_1, MEASURE=AP)",2026-06-30,OECD fractional count; WIPO/PCT 9P50_1; application date; applicant origin
LVA,2016,24.0,"OECD Data Explorer / DSD_PATENTS@DF_PATENTS_WIPO (WIPO PCT, 9P50_1, MEASURE=AP)",2026-06-30,OECD fractional count; WIPO/PCT 9P50_1; application date; applicant origin
LVA,2017,26.75,"OECD Data Explorer / DSD_PATENTS@DF_PATENTS_WIPO (WIPO PCT, 9P50_1, MEASURE=AP)",2026-06-30,OECD fractional count; WIPO/PCT 9P50_1; application date; applicant origin
LVA,2018,32.0,"OECD Data Explorer / DSD_PATENTS@DF_PATENTS_WIPO (WIPO PCT, 9P50_1, MEASURE=AP)",2026-06-30,OECD fractional count; WIPO/PCT 9P50_1; application date; applicant origin
LVA,2019,30.5,"OECD Data Explorer / DSD_PATENTS@DF_PATENTS_WIPO (WIPO PCT, 9P50_1, MEASURE=AP)",2026-06-30,OECD fractional count; WIPO/PCT 9P50_1; application date; applicant origin
LVA,2020,26.0,"OECD Data Explorer / DSD_PATENTS@DF_PATENTS_WIPO (WIPO PCT, 9P50_1, MEASURE=AP)",2026-06-30,OECD fractional count; WIPO/PCT 9P50_1; application date; applicant origin
LVA,2021,38.0,"OECD Data Explorer / DSD_PATENTS@DF_PATENTS_WIPO (WIPO PCT, 9P50_1, MEASURE=AP)",2026-06-30,OECD fractional count; WIPO/PCT 9P50_1; application date; applicant origin
LVA,2022,36.8333,"OECD Data Explorer / DSD_PATENTS@DF_PATENTS_WIPO (WIPO PCT, 9P50_1, MEASURE=AP)",2026-06-30,OECD fractional count; WIPO/PCT 9P50_1; application date; applicant origin
LVA,2023,29.3333,"OECD Data Explorer / DSD_PATENTS@DF_PATENTS_WIPO (WIPO PCT, 9P50_1, MEASURE=AP)",2026-06-30,OECD fractional count; WIPO/PCT 9P50_1; application date; applicant origin
MEX,2012,182.0833,"OECD Data Explorer / DSD_PATENTS@DF_PATENTS_WIPO (WIPO PCT, 9P50_1, MEASURE=AP)",2026-06-30,OECD fractional count; WIPO/PCT 9P50_1; application date; applicant origin
MEX,2013,228.1071,"OECD Data Explorer / DSD_PATENTS@DF_PATENTS_WIPO (WIPO PCT, 9P50_1, MEASURE=AP)",2026-06-30,OECD fractional count; WIPO/PCT 9P50_1; application date; applicant origin
MEX,2014,267.1929,"OECD Data Explorer / DSD_PATENTS@DF_PATENTS_WIPO (WIPO PCT, 9P50_1, MEASURE=AP)",2026-06-30,OECD fractional count; WIPO/PCT 9P50_1; application date; applicant origin
MEX,2015,317.1833,"OECD Data Explorer / DSD_PATENTS@DF_PATENTS_WIPO (WIPO PCT, 9P50_1, MEASURE=AP)",2026-06-30,OECD fractional count; WIPO/PCT 9P50_1; application date; applicant origin
MEX,2016,268.1944,"OECD Data Explorer / DSD_PATENTS@DF_PATENTS_WIPO (WIPO PCT, 9P50_1, MEASURE=AP)",2026-06-30,OECD fractional count; WIPO/PCT 9P50_1; application date; applicant origin
MEX,2017,264.8667,"OECD Data Explorer / DSD_PATENTS@DF_PATENTS_WIPO (WIPO PCT, 9P50_1, MEASURE=AP)",2026-06-30,OECD fractional count; WIPO/PCT 9P50_1; application date; applicant origin
MEX,2018,238.9524,"OECD Data Explorer / DSD_PATENTS@DF_PATENTS_WIPO (WIPO PCT, 9P50_1, MEASURE=AP)",2026-06-30,OECD fractional count; WIPO/PCT 9P50_1; application date; applicant origin
MEX,2019,204.375,"OECD Data Explorer / DSD_PATENTS@DF_PATENTS_WIPO (WIPO PCT, 9P50_1, MEASURE=AP)",2026-06-30,OECD fractional count; WIPO/PCT 9P50_1; application date; applicant origin
MEX,2020,164.9524,"OECD Data Explorer / DSD_PATENTS@DF_PATENTS_WIPO (WIPO PCT, 9P50_1, MEASURE=AP)",2026-06-30,OECD fractional count; WIPO/PCT 9P50_1; application date; applicant origin
MEX,2021,156.5333,"OECD Data Explorer / DSD_PATENTS@DF_PATENTS_WIPO (WIPO PCT, 9P50_1, MEASURE=AP)",2026-06-30,OECD fractional count; WIPO/PCT 9P50_1; application date; applicant origin
MEX,2022,184.5,"OECD Data Explorer / DSD_PATENTS@DF_PATENTS_WIPO (WIPO PCT, 9P50_1, MEASURE=AP)",2026-06-30,OECD fractional count; WIPO/PCT 9P50_1; application date; applicant origin
MEX,2023,144.5,"OECD Data Explorer / DSD_PATENTS@DF_PATENTS_WIPO (WIPO PCT, 9P50_1, MEASURE=AP)",2026-06-30,OECD fractional count; WIPO/PCT 9P50_1; application date; applicant origin
NLD,2012,3945.3333,"OECD Data Explorer / DSD_PATENTS@DF_PATENTS_WIPO (WIPO PCT, 9P50_1, MEASURE=AP)",2026-06-30,OECD fractional count; WIPO/PCT 9P50_1; application date; applicant origin
NLD,2013,4027.0806,"OECD Data Explorer / DSD_PATENTS@DF_PATENTS_WIPO (WIPO PCT, 9P50_1, MEASURE=AP)",2026-06-30,OECD fractional count; WIPO/PCT 9P50_1; application date; applicant origin
NLD,2014,4185.3027,"OECD Data Explorer / DSD_PATENTS@DF_PATENTS_WIPO (WIPO PCT, 9P50_1, MEASURE=AP)",2026-06-30,OECD fractional count; WIPO/PCT 9P50_1; application date; applicant origin
NLD,2015,4426.9858,"OECD Data Explorer / DSD_PATENTS@DF_PATENTS_WIPO (WIPO PCT, 9P50_1, MEASURE=AP)",2026-06-30,OECD fractional count; WIPO/PCT 9P50_1; application date; applicant origin
NLD,2016,4765.5039,"OECD Data Explorer / DSD_PATENTS@DF_PATENTS_WIPO (WIPO PCT, 9P50_1, MEASURE=AP)",2026-06-30,OECD fractional count; WIPO/PCT 9P50_1; application date; applicant origin
NLD,2017,4347.0332,"OECD Data Explorer / DSD_PATENTS@DF_PATENTS_WIPO (WIPO PCT, 9P50_1, MEASURE=AP)",2026-06-30,OECD fractional count; WIPO/PCT 9P50_1; application date; applicant origin
NLD,2018,4005.0833,"OECD Data Explorer / DSD_PATENTS@DF_PATENTS_WIPO (WIPO PCT, 9P50_1, MEASURE=AP)",2026-06-30,OECD fractional count; WIPO/PCT 9P50_1; application date; applicant origin
NLD,2019,3950.8584,"OECD Data Explorer / DSD_PATENTS@DF_PATENTS_WIPO (WIPO PCT, 9P50_1, MEASURE=AP)",2026-06-30,OECD fractional count; WIPO/PCT 9P50_1; application date; applicant origin
NLD,2020,3886.2922,"OECD Data Explorer / DSD_PATENTS@DF_PATENTS_WIPO (WIPO PCT, 9P50_1, MEASURE=AP)",2026-06-30,OECD fractional count; WIPO/PCT 9P50_1; application date; applicant origin
NLD,2021,3944.8667,"OECD Data Explorer / DSD_PATENTS@DF_PATENTS_WIPO (WIPO PCT, 9P50_1, MEASURE=AP)",2026-06-30,OECD fractional count; WIPO/PCT 9P50_1; application date; applicant origin
NLD,2022,3827.4082,"OECD Data Explorer / DSD_PATENTS@DF_PATENTS_WIPO (WIPO PCT, 9P50_1, MEASURE=AP)",2026-06-30,OECD fractional count; WIPO/PCT 9P50_1; application date; applicant origin
NLD,2023,4128.0503,"OECD Data Explorer / DSD_PATENTS@DF_PATENTS_WIPO (WIPO PCT, 9P50_1, MEASURE=AP)",2026-06-30,OECD fractional count; WIPO/PCT 9P50_1; application date; applicant origin
NOR,2012,644.2,"OECD Data Explorer / DSD_PATENTS@DF_PATENTS_WIPO (WIPO PCT, 9P50_1, MEASURE=AP)",2026-06-30,OECD fractional count; WIPO/PCT 9P50_1; application date; applicant origin
NOR,2013,684.4894,"OECD Data Explorer / DSD_PATENTS@DF_PATENTS_WIPO (WIPO PCT, 9P50_1, MEASURE=AP)",2026-06-30,OECD fractional count; WIPO/PCT 9P50_1; application date; applicant origin
NOR,2014,668.6096,"OECD Data Explorer / DSD_PATENTS@DF_PATENTS_WIPO (WIPO PCT, 9P50_1, MEASURE=AP)",2026-06-30,OECD fractional count; WIPO/PCT 9P50_1; application date; applicant origin
NOR,2015,664.3833,"OECD Data Explorer / DSD_PATENTS@DF_PATENTS_WIPO (WIPO PCT, 9P50_1, MEASURE=AP)",2026-06-30,OECD fractional count; WIPO/PCT 9P50_1; application date; applicant origin
NOR,2016,639.6786,"OECD Data Explorer / DSD_PATENTS@DF_PATENTS_WIPO (WIPO PCT, 9P50_1, MEASURE=AP)",2026-06-30,OECD fractional count; WIPO/PCT 9P50_1; application date; applicant origin
NOR,2017,799.9333,"OECD Data Explorer / DSD_PATENTS@DF_PATENTS_WIPO (WIPO PCT, 9P50_1, MEASURE=AP)",2026-06-30,OECD fractional count; WIPO/PCT 9P50_1; application date; applicant origin
NOR,2018,761.5769,"OECD Data Explorer / DSD_PATENTS@DF_PATENTS_WIPO (WIPO PCT, 9P50_1, MEASURE=AP)",2026-06-30,OECD fractional count; WIPO/PCT 9P50_1; application date; applicant origin
NOR,2019,770.7167,"OECD Data Explorer / DSD_PATENTS@DF_PATENTS_WIPO (WIPO PCT, 9P50_1, MEASURE=AP)",2026-06-30,OECD fractional count; WIPO/PCT 9P50_1; application date; applicant origin
NOR,2020,682.0,"OECD Data Explorer / DSD_PATENTS@DF_PATENTS_WIPO (WIPO PCT, 9P50_1, MEASURE=AP)",2026-06-30,OECD fractional count; WIPO/PCT 9P50_1; application date; applicant origin
NOR,2021,712.9167,"OECD Data Explorer / DSD_PATENTS@DF_PATENTS_WIPO (WIPO PCT, 9P50_1, MEASURE=AP)",2026-06-30,OECD fractional count; WIPO/PCT 9P50_1; application date; applicant origin
NOR,2022,782.5167,"OECD Data Explorer / DSD_PATENTS@DF_PATENTS_WIPO (WIPO PCT, 9P50_1, MEASURE=AP)",2026-06-30,OECD fractional count; WIPO/PCT 9P50_1; application date; applicant origin
NOR,2023,675.5,"OECD Data Explorer / DSD_PATENTS@DF_PATENTS_WIPO (WIPO PCT, 9P50_1, MEASURE=AP)",2026-06-30,OECD fractional count; WIPO/PCT 9P50_1; application date; applicant origin
NZL,2012,287.9677,"OECD Data Explorer / DSD_PATENTS@DF_PATENTS_WIPO (WIPO PCT, 9P50_1, MEASURE=AP)",2026-06-30,OECD fractional count; WIPO/PCT 9P50_1; application date; applicant origin
NZL,2013,292.5333,"OECD Data Explorer / DSD_PATENTS@DF_PATENTS_WIPO (WIPO PCT, 9P50_1, MEASURE=AP)",2026-06-30,OECD fractional count; WIPO/PCT 9P50_1; application date; applicant origin
NZL,2014,314.0833,"OECD Data Explorer / DSD_PATENTS@DF_PATENTS_WIPO (WIPO PCT, 9P50_1, MEASURE=AP)",2026-06-30,OECD fractional count; WIPO/PCT 9P50_1; application date; applicant origin
NZL,2015,312.8012,"OECD Data Explorer / DSD_PATENTS@DF_PATENTS_WIPO (WIPO PCT, 9P50_1, MEASURE=AP)",2026-06-30,OECD fractional count; WIPO/PCT 9P50_1; application date; applicant origin
NZL,2016,283.7452,"OECD Data Explorer / DSD_PATENTS@DF_PATENTS_WIPO (WIPO PCT, 9P50_1, MEASURE=AP)",2026-06-30,OECD fractional count; WIPO/PCT 9P50_1; application date; applicant origin
NZL,2017,248.4262,"OECD Data Explorer / DSD_PATENTS@DF_PATENTS_WIPO (WIPO PCT, 9P50_1, MEASURE=AP)",2026-06-30,OECD fractional count; WIPO/PCT 9P50_1; application date; applicant origin
NZL,2018,261.0167,"OECD Data Explorer / DSD_PATENTS@DF_PATENTS_WIPO (WIPO PCT, 9P50_1, MEASURE=AP)",2026-06-30,OECD fractional count; WIPO/PCT 9P50_1; application date; applicant origin
NZL,2019,233.625,"OECD Data Explorer / DSD_PATENTS@DF_PATENTS_WIPO (WIPO PCT, 9P50_1, MEASURE=AP)",2026-06-30,OECD fractional count; WIPO/PCT 9P50_1; application date; applicant origin
NZL,2020,288.5667,"OECD Data Explorer / DSD_PATENTS@DF_PATENTS_WIPO (WIPO PCT, 9P50_1, MEASURE=AP)",2026-06-30,OECD fractional count; WIPO/PCT 9P50_1; application date; applicant origin
NZL,2021,361.1389,"OECD Data Explorer / DSD_PATENTS@DF_PATENTS_WIPO (WIPO PCT, 9P50_1, MEASURE=AP)",2026-06-30,OECD fractional count; WIPO/PCT 9P50_1; application date; applicant origin
NZL,2022,303.6667,"OECD Data Explorer / DSD_PATENTS@DF_PATENTS_WIPO (WIPO PCT, 9P50_1, MEASURE=AP)",2026-06-30,OECD fractional count; WIPO/PCT 9P50_1; application date; applicant origin
NZL,2023,266.1667,"OECD Data Explorer / DSD_PATENTS@DF_PATENTS_WIPO (WIPO PCT, 9P50_1, MEASURE=AP)",2026-06-30,OECD fractional count; WIPO/PCT 9P50_1; application date; applicant origin
PER,2012,9.25,"OECD Data Explorer / DSD_PATENTS@DF_PATENTS_WIPO (WIPO PCT, 9P50_1, MEASURE=AP)",2026-06-30,OECD fractional count; WIPO/PCT 9P50_1; application date; applicant origin
PER,2013,13.5,"OECD Data Explorer / DSD_PATENTS@DF_PATENTS_WIPO (WIPO PCT, 9P50_1, MEASURE=AP)",2026-06-30,OECD fractional count; WIPO/PCT 9P50_1; application date; applicant origin
PER,2014,17.0,"OECD Data Explorer / DSD_PATENTS@DF_PATENTS_WIPO (WIPO PCT, 9P50_1, MEASURE=AP)",2026-06-30,OECD fractional count; WIPO/PCT 9P50_1; application date; applicant origin
PER,2015,25.0,"OECD Data Explorer / DSD_PATENTS@DF_PATENTS_WIPO (WIPO PCT, 9P50_1, MEASURE=AP)",2026-06-30,OECD fractional count; WIPO/PCT 9P50_1; application date; applicant origin
PER,2016,22.8333,"OECD Data Explorer / DSD_PATENTS@DF_PATENTS_WIPO (WIPO PCT, 9P50_1, MEASURE=AP)",2026-06-30,OECD fractional count; WIPO/PCT 9P50_1; application date; applicant origin
PER,2017,33.0,"OECD Data Explorer / DSD_PATENTS@DF_PATENTS_WIPO (WIPO PCT, 9P50_1, MEASURE=AP)",2026-06-30,OECD fractional count; WIPO/PCT 9P50_1; application date; applicant origin
PER,2018,34.3333,"OECD Data Explorer / DSD_PATENTS@DF_PATENTS_WIPO (WIPO PCT, 9P50_1, MEASURE=AP)",2026-06-30,OECD fractional count; WIPO/PCT 9P50_1; application date; applicant origin
PER,2019,21.0,"OECD Data Explorer / DSD_PATENTS@DF_PATENTS_WIPO (WIPO PCT, 9P50_1, MEASURE=AP)",2026-06-30,OECD fractional count; WIPO/PCT 9P50_1; application date; applicant origin
PER,2020,35.0,"OECD Data Explorer / DSD_PATENTS@DF_PATENTS_WIPO (WIPO PCT, 9P50_1, MEASURE=AP)",2026-06-30,OECD fractional count; WIPO/PCT 9P50_1; application date; applicant origin
PER,2021,30.3333,"OECD Data Explorer / DSD_PATENTS@DF_PATENTS_WIPO (WIPO PCT, 9P50_1, MEASURE=AP)",2026-06-30,OECD fractional count; WIPO/PCT 9P50_1; application date; applicant origin
PER,2022,29.0,"OECD Data Explorer / DSD_PATENTS@DF_PATENTS_WIPO (WIPO PCT, 9P50_1, MEASURE=AP)",2026-06-30,OECD fractional count; WIPO/PCT 9P50_1; application date; applicant origin
PER,2023,25.0,"OECD Data Explorer / DSD_PATENTS@DF_PATENTS_WIPO (WIPO PCT, 9P50_1, MEASURE=AP)",2026-06-30,OECD fractional count; WIPO/PCT 9P50_1; application date; applicant origin
POL,2012,232.3889,"OECD Data Explorer / DSD_PATENTS@DF_PATENTS_WIPO (WIPO PCT, 9P50_1, MEASURE=AP)",2026-06-30,OECD fractional count; WIPO/PCT 9P50_1; application date; applicant origin
POL,2013,306.1385,"OECD Data Explorer / DSD_PATENTS@DF_PATENTS_WIPO (WIPO PCT, 9P50_1, MEASURE=AP)",2026-06-30,OECD fractional count; WIPO/PCT 9P50_1; application date; applicant origin
POL,2014,325.2455,"OECD Data Explorer / DSD_PATENTS@DF_PATENTS_WIPO (WIPO PCT, 9P50_1, MEASURE=AP)",2026-06-30,OECD fractional count; WIPO/PCT 9P50_1; application date; applicant origin
POL,2015,416.1667,"OECD Data Explorer / DSD_PATENTS@DF_PATENTS_WIPO (WIPO PCT, 9P50_1, MEASURE=AP)",2026-06-30,OECD fractional count; WIPO/PCT 9P50_1; application date; applicant origin
POL,2016,305.8333,"OECD Data Explorer / DSD_PATENTS@DF_PATENTS_WIPO (WIPO PCT, 9P50_1, MEASURE=AP)",2026-06-30,OECD fractional count; WIPO/PCT 9P50_1; application date; applicant origin
POL,2017,310.7917,"OECD Data Explorer / DSD_PATENTS@DF_PATENTS_WIPO (WIPO PCT, 9P50_1, MEASURE=AP)",2026-06-30,OECD fractional count; WIPO/PCT 9P50_1; application date; applicant origin
POL,2018,288.9524,"OECD Data Explorer / DSD_PATENTS@DF_PATENTS_WIPO (WIPO PCT, 9P50_1, MEASURE=AP)",2026-06-30,OECD fractional count; WIPO/PCT 9P50_1; application date; applicant origin
POL,2019,339.019,"OECD Data Explorer / DSD_PATENTS@DF_PATENTS_WIPO (WIPO PCT, 9P50_1, MEASURE=AP)",2026-06-30,OECD fractional count; WIPO/PCT 9P50_1; application date; applicant origin
POL,2020,318.6012,"OECD Data Explorer / DSD_PATENTS@DF_PATENTS_WIPO (WIPO PCT, 9P50_1, MEASURE=AP)",2026-06-30,OECD fractional count; WIPO/PCT 9P50_1; application date; applicant origin
POL,2021,358.5833,"OECD Data Explorer / DSD_PATENTS@DF_PATENTS_WIPO (WIPO PCT, 9P50_1, MEASURE=AP)",2026-06-30,OECD fractional count; WIPO/PCT 9P50_1; application date; applicant origin
POL,2022,334.8667,"OECD Data Explorer / DSD_PATENTS@DF_PATENTS_WIPO (WIPO PCT, 9P50_1, MEASURE=AP)",2026-06-30,OECD fractional count; WIPO/PCT 9P50_1; application date; applicant origin
POL,2023,336.2833,"OECD Data Explorer / DSD_PATENTS@DF_PATENTS_WIPO (WIPO PCT, 9P50_1, MEASURE=AP)",2026-06-30,OECD fractional count; WIPO/PCT 9P50_1; application date; applicant origin
PRT,2012,127.5,"OECD Data Explorer / DSD_PATENTS@DF_PATENTS_WIPO (WIPO PCT, 9P50_1, MEASURE=AP)",2026-06-30,OECD fractional count; WIPO/PCT 9P50_1; application date; applicant origin
PRT,2013,143.0,"OECD Data Explorer / DSD_PATENTS@DF_PATENTS_WIPO (WIPO PCT, 9P50_1, MEASURE=AP)",2026-06-30,OECD fractional count; WIPO/PCT 9P50_1; application date; applicant origin
PRT,2014,154.25,"OECD Data Explorer / DSD_PATENTS@DF_PATENTS_WIPO (WIPO PCT, 9P50_1, MEASURE=AP)",2026-06-30,OECD fractional count; WIPO/PCT 9P50_1; application date; applicant origin
PRT,2015,158.0833,"OECD Data Explorer / DSD_PATENTS@DF_PATENTS_WIPO (WIPO PCT, 9P50_1, MEASURE=AP)",2026-06-30,OECD fractional count; WIPO/PCT 9P50_1; application date; applicant origin
PRT,2016,181.7409,"OECD Data Explorer / DSD_PATENTS@DF_PATENTS_WIPO (WIPO PCT, 9P50_1, MEASURE=AP)",2026-06-30,OECD fractional count; WIPO/PCT 9P50_1; application date; applicant origin
PRT,2017,191.25,"OECD Data Explorer / DSD_PATENTS@DF_PATENTS_WIPO (WIPO PCT, 9P50_1, MEASURE=AP)",2026-06-30,OECD fractional count; WIPO/PCT 9P50_1; application date; applicant origin
PRT,2018,246.6167,"OECD Data Explorer / DSD_PATENTS@DF_PATENTS_WIPO (WIPO PCT, 9P50_1, MEASURE=AP)",2026-06-30,OECD fractional count; WIPO/PCT 9P50_1; application date; applicant origin
PRT,2019,200.9,"OECD Data Explorer / DSD_PATENTS@DF_PATENTS_WIPO (WIPO PCT, 9P50_1, MEASURE=AP)",2026-06-30,OECD fractional count; WIPO/PCT 9P50_1; application date; applicant origin
PRT,2020,249.5857,"OECD Data Explorer / DSD_PATENTS@DF_PATENTS_WIPO (WIPO PCT, 9P50_1, MEASURE=AP)",2026-06-30,OECD fractional count; WIPO/PCT 9P50_1; application date; applicant origin
PRT,2021,257.881,"OECD Data Explorer / DSD_PATENTS@DF_PATENTS_WIPO (WIPO PCT, 9P50_1, MEASURE=AP)",2026-06-30,OECD fractional count; WIPO/PCT 9P50_1; application date; applicant origin
PRT,2022,213.9583,"OECD Data Explorer / DSD_PATENTS@DF_PATENTS_WIPO (WIPO PCT, 9P50_1, MEASURE=AP)",2026-06-30,OECD fractional count; WIPO/PCT 9P50_1; application date; applicant origin
PRT,2023,218.5345,"OECD Data Explorer / DSD_PATENTS@DF_PATENTS_WIPO (WIPO PCT, 9P50_1, MEASURE=AP)",2026-06-30,OECD fractional count; WIPO/PCT 9P50_1; application date; applicant origin
RUS,2012,907.9234,"OECD Data Explorer / DSD_PATENTS@DF_PATENTS_WIPO (WIPO PCT, 9P50_1, MEASURE=AP)",2026-06-30,OECD fractional count; WIPO/PCT 9P50_1; application date; applicant origin
RUS,2013,970.2667,"OECD Data Explorer / DSD_PATENTS@DF_PATENTS_WIPO (WIPO PCT, 9P50_1, MEASURE=AP)",2026-06-30,OECD fractional count; WIPO/PCT 9P50_1; application date; applicant origin
RUS,2014,835.6139,"OECD Data Explorer / DSD_PATENTS@DF_PATENTS_WIPO (WIPO PCT, 9P50_1, MEASURE=AP)",2026-06-30,OECD fractional count; WIPO/PCT 9P50_1; application date; applicant origin
RUS,2015,761.4452,"OECD Data Explorer / DSD_PATENTS@DF_PATENTS_WIPO (WIPO PCT, 9P50_1, MEASURE=AP)",2026-06-30,OECD fractional count; WIPO/PCT 9P50_1; application date; applicant origin
RUS,2016,810.1771,"OECD Data Explorer / DSD_PATENTS@DF_PATENTS_WIPO (WIPO PCT, 9P50_1, MEASURE=AP)",2026-06-30,OECD fractional count; WIPO/PCT 9P50_1; application date; applicant origin
RUS,2017,936.2766,"OECD Data Explorer / DSD_PATENTS@DF_PATENTS_WIPO (WIPO PCT, 9P50_1, MEASURE=AP)",2026-06-30,OECD fractional count; WIPO/PCT 9P50_1; application date; applicant origin
RUS,2018,913.681,"OECD Data Explorer / DSD_PATENTS@DF_PATENTS_WIPO (WIPO PCT, 9P50_1, MEASURE=AP)",2026-06-30,OECD fractional count; WIPO/PCT 9P50_1; application date; applicant origin
RUS,2019,1051.8,"OECD Data Explorer / DSD_PATENTS@DF_PATENTS_WIPO (WIPO PCT, 9P50_1, MEASURE=AP)",2026-06-30,OECD fractional count; WIPO/PCT 9P50_1; application date; applicant origin
RUS,2020,946.5476,"OECD Data Explorer / DSD_PATENTS@DF_PATENTS_WIPO (WIPO PCT, 9P50_1, MEASURE=AP)",2026-06-30,OECD fractional count; WIPO/PCT 9P50_1; application date; applicant origin
RUS,2021,897.5929,"OECD Data Explorer / DSD_PATENTS@DF_PATENTS_WIPO (WIPO PCT, 9P50_1, MEASURE=AP)",2026-06-30,OECD fractional count; WIPO/PCT 9P50_1; application date; applicant origin
RUS,2022,650.5833,"OECD Data Explorer / DSD_PATENTS@DF_PATENTS_WIPO (WIPO PCT, 9P50_1, MEASURE=AP)",2026-06-30,OECD fractional count; WIPO/PCT 9P50_1; application date; applicant origin
RUS,2023,604.85,"OECD Data Explorer / DSD_PATENTS@DF_PATENTS_WIPO (WIPO PCT, 9P50_1, MEASURE=AP)",2026-06-30,OECD fractional count; WIPO/PCT 9P50_1; application date; applicant origin
SGP,2012,755.8833,"OECD Data Explorer / DSD_PATENTS@DF_PATENTS_WIPO (WIPO PCT, 9P50_1, MEASURE=AP)",2026-06-30,OECD fractional count; WIPO/PCT 9P50_1; application date; applicant origin
SGP,2013,897.4333,"OECD Data Explorer / DSD_PATENTS@DF_PATENTS_WIPO (WIPO PCT, 9P50_1, MEASURE=AP)",2026-06-30,OECD fractional count; WIPO/PCT 9P50_1; application date; applicant origin
SGP,2014,954.45,"OECD Data Explorer / DSD_PATENTS@DF_PATENTS_WIPO (WIPO PCT, 9P50_1, MEASURE=AP)",2026-06-30,OECD fractional count; WIPO/PCT 9P50_1; application date; applicant origin
SGP,2015,923.9262,"OECD Data Explorer / DSD_PATENTS@DF_PATENTS_WIPO (WIPO PCT, 9P50_1, MEASURE=AP)",2026-06-30,OECD fractional count; WIPO/PCT 9P50_1; application date; applicant origin
SGP,2016,873.95,"OECD Data Explorer / DSD_PATENTS@DF_PATENTS_WIPO (WIPO PCT, 9P50_1, MEASURE=AP)",2026-06-30,OECD fractional count; WIPO/PCT 9P50_1; application date; applicant origin
SGP,2017,904.3333,"OECD Data Explorer / DSD_PATENTS@DF_PATENTS_WIPO (WIPO PCT, 9P50_1, MEASURE=AP)",2026-06-30,OECD fractional count; WIPO/PCT 9P50_1; application date; applicant origin
SGP,2018,930.7857,"OECD Data Explorer / DSD_PATENTS@DF_PATENTS_WIPO (WIPO PCT, 9P50_1, MEASURE=AP)",2026-06-30,OECD fractional count; WIPO/PCT 9P50_1; application date; applicant origin
SGP,2019,1433.4595,"OECD Data Explorer / DSD_PATENTS@DF_PATENTS_WIPO (WIPO PCT, 9P50_1, MEASURE=AP)",2026-06-30,OECD fractional count; WIPO/PCT 9P50_1; application date; applicant origin
SGP,2020,1548.0833,"OECD Data Explorer / DSD_PATENTS@DF_PATENTS_WIPO (WIPO PCT, 9P50_1, MEASURE=AP)",2026-06-30,OECD fractional count; WIPO/PCT 9P50_1; application date; applicant origin
SGP,2021,1769.6167,"OECD Data Explorer / DSD_PATENTS@DF_PATENTS_WIPO (WIPO PCT, 9P50_1, MEASURE=AP)",2026-06-30,OECD fractional count; WIPO/PCT 9P50_1; application date; applicant origin
SGP,2022,1680.7928,"OECD Data Explorer / DSD_PATENTS@DF_PATENTS_WIPO (WIPO PCT, 9P50_1, MEASURE=AP)",2026-06-30,OECD fractional count; WIPO/PCT 9P50_1; application date; applicant origin
SGP,2023,1748.1333,"OECD Data Explorer / DSD_PATENTS@DF_PATENTS_WIPO (WIPO PCT, 9P50_1, MEASURE=AP)",2026-06-30,OECD fractional count; WIPO/PCT 9P50_1; application date; applicant origin
SVK,2012,30.3333,"OECD Data Explorer / DSD_PATENTS@DF_PATENTS_WIPO (WIPO PCT, 9P50_1, MEASURE=AP)",2026-06-30,OECD fractional count; WIPO/PCT 9P50_1; application date; applicant origin
SVK,2013,39.2333,"OECD Data Explorer / DSD_PATENTS@DF_PATENTS_WIPO (WIPO PCT, 9P50_1, MEASURE=AP)",2026-06-30,OECD fractional count; WIPO/PCT 9P50_1; application date; applicant origin
SVK,2014,55.5333,"OECD Data Explorer / DSD_PATENTS@DF_PATENTS_WIPO (WIPO PCT, 9P50_1, MEASURE=AP)",2026-06-30,OECD fractional count; WIPO/PCT 9P50_1; application date; applicant origin
SVK,2015,35.0,"OECD Data Explorer / DSD_PATENTS@DF_PATENTS_WIPO (WIPO PCT, 9P50_1, MEASURE=AP)",2026-06-30,OECD fractional count; WIPO/PCT 9P50_1; application date; applicant origin
SVK,2016,44.1333,"OECD Data Explorer / DSD_PATENTS@DF_PATENTS_WIPO (WIPO PCT, 9P50_1, MEASURE=AP)",2026-06-30,OECD fractional count; WIPO/PCT 9P50_1; application date; applicant origin
SVK,2017,46.0,"OECD Data Explorer / DSD_PATENTS@DF_PATENTS_WIPO (WIPO PCT, 9P50_1, MEASURE=AP)",2026-06-30,OECD fractional count; WIPO/PCT 9P50_1; application date; applicant origin
SVK,2018,44.8667,"OECD Data Explorer / DSD_PATENTS@DF_PATENTS_WIPO (WIPO PCT, 9P50_1, MEASURE=AP)",2026-06-30,OECD fractional count; WIPO/PCT 9P50_1; application date; applicant origin
SVK,2019,39.75,"OECD Data Explorer / DSD_PATENTS@DF_PATENTS_WIPO (WIPO PCT, 9P50_1, MEASURE=AP)",2026-06-30,OECD fractional count; WIPO/PCT 9P50_1; application date; applicant origin
SVK,2020,38.3429,"OECD Data Explorer / DSD_PATENTS@DF_PATENTS_WIPO (WIPO PCT, 9P50_1, MEASURE=AP)",2026-06-30,OECD fractional count; WIPO/PCT 9P50_1; application date; applicant origin
SVK,2021,38.819,"OECD Data Explorer / DSD_PATENTS@DF_PATENTS_WIPO (WIPO PCT, 9P50_1, MEASURE=AP)",2026-06-30,OECD fractional count; WIPO/PCT 9P50_1; application date; applicant origin
SVK,2022,43.3333,"OECD Data Explorer / DSD_PATENTS@DF_PATENTS_WIPO (WIPO PCT, 9P50_1, MEASURE=AP)",2026-06-30,OECD fractional count; WIPO/PCT 9P50_1; application date; applicant origin
SVK,2023,50.8667,"OECD Data Explorer / DSD_PATENTS@DF_PATENTS_WIPO (WIPO PCT, 9P50_1, MEASURE=AP)",2026-06-30,OECD fractional count; WIPO/PCT 9P50_1; application date; applicant origin
SVN,2012,108.5,"OECD Data Explorer / DSD_PATENTS@DF_PATENTS_WIPO (WIPO PCT, 9P50_1, MEASURE=AP)",2026-06-30,OECD fractional count; WIPO/PCT 9P50_1; application date; applicant origin
SVN,2013,124.7857,"OECD Data Explorer / DSD_PATENTS@DF_PATENTS_WIPO (WIPO PCT, 9P50_1, MEASURE=AP)",2026-06-30,OECD fractional count; WIPO/PCT 9P50_1; application date; applicant origin
SVN,2014,145.1667,"OECD Data Explorer / DSD_PATENTS@DF_PATENTS_WIPO (WIPO PCT, 9P50_1, MEASURE=AP)",2026-06-30,OECD fractional count; WIPO/PCT 9P50_1; application date; applicant origin
SVN,2015,71.4667,"OECD Data Explorer / DSD_PATENTS@DF_PATENTS_WIPO (WIPO PCT, 9P50_1, MEASURE=AP)",2026-06-30,OECD fractional count; WIPO/PCT 9P50_1; application date; applicant origin
SVN,2016,68.25,"OECD Data Explorer / DSD_PATENTS@DF_PATENTS_WIPO (WIPO PCT, 9P50_1, MEASURE=AP)",2026-06-30,OECD fractional count; WIPO/PCT 9P50_1; application date; applicant origin
SVN,2017,88.8667,"OECD Data Explorer / DSD_PATENTS@DF_PATENTS_WIPO (WIPO PCT, 9P50_1, MEASURE=AP)",2026-06-30,OECD fractional count; WIPO/PCT 9P50_1; application date; applicant origin
SVN,2018,122.5,"OECD Data Explorer / DSD_PATENTS@DF_PATENTS_WIPO (WIPO PCT, 9P50_1, MEASURE=AP)",2026-06-30,OECD fractional count; WIPO/PCT 9P50_1; application date; applicant origin
SVN,2019,84.0,"OECD Data Explorer / DSD_PATENTS@DF_PATENTS_WIPO (WIPO PCT, 9P50_1, MEASURE=AP)",2026-06-30,OECD fractional count; WIPO/PCT 9P50_1; application date; applicant origin
SVN,2020,78.6667,"OECD Data Explorer / DSD_PATENTS@DF_PATENTS_WIPO (WIPO PCT, 9P50_1, MEASURE=AP)",2026-06-30,OECD fractional count; WIPO/PCT 9P50_1; application date; applicant origin
SVN,2021,93.2333,"OECD Data Explorer / DSD_PATENTS@DF_PATENTS_WIPO (WIPO PCT, 9P50_1, MEASURE=AP)",2026-06-30,OECD fractional count; WIPO/PCT 9P50_1; application date; applicant origin
SVN,2022,114.3333,"OECD Data Explorer / DSD_PATENTS@DF_PATENTS_WIPO (WIPO PCT, 9P50_1, MEASURE=AP)",2026-06-30,OECD fractional count; WIPO/PCT 9P50_1; application date; applicant origin
SVN,2023,88.8333,"OECD Data Explorer / DSD_PATENTS@DF_PATENTS_WIPO (WIPO PCT, 9P50_1, MEASURE=AP)",2026-06-30,OECD fractional count; WIPO/PCT 9P50_1; application date; applicant origin
SWE,2012,3534.4441,"OECD Data Explorer / DSD_PATENTS@DF_PATENTS_WIPO (WIPO PCT, 9P50_1, MEASURE=AP)",2026-06-30,OECD fractional count; WIPO/PCT 9P50_1; application date; applicant origin
SWE,2013,3871.8337,"OECD Data Explorer / DSD_PATENTS@DF_PATENTS_WIPO (WIPO PCT, 9P50_1, MEASURE=AP)",2026-06-30,OECD fractional count; WIPO/PCT 9P50_1; application date; applicant origin
SWE,2014,3841.8667,"OECD Data Explorer / DSD_PATENTS@DF_PATENTS_WIPO (WIPO PCT, 9P50_1, MEASURE=AP)",2026-06-30,OECD fractional count; WIPO/PCT 9P50_1; application date; applicant origin
SWE,2015,3782.9182,"OECD Data Explorer / DSD_PATENTS@DF_PATENTS_WIPO (WIPO PCT, 9P50_1, MEASURE=AP)",2026-06-30,OECD fractional count; WIPO/PCT 9P50_1; application date; applicant origin
SWE,2016,3589.8167,"OECD Data Explorer / DSD_PATENTS@DF_PATENTS_WIPO (WIPO PCT, 9P50_1, MEASURE=AP)",2026-06-30,OECD fractional count; WIPO/PCT 9P50_1; application date; applicant origin
SWE,2017,3817.7917,"OECD Data Explorer / DSD_PATENTS@DF_PATENTS_WIPO (WIPO PCT, 9P50_1, MEASURE=AP)",2026-06-30,OECD fractional count; WIPO/PCT 9P50_1; application date; applicant origin
SWE,2018,3917.05,"OECD Data Explorer / DSD_PATENTS@DF_PATENTS_WIPO (WIPO PCT, 9P50_1, MEASURE=AP)",2026-06-30,OECD fractional count; WIPO/PCT 9P50_1; application date; applicant origin
SWE,2019,3946.7334,"OECD Data Explorer / DSD_PATENTS@DF_PATENTS_WIPO (WIPO PCT, 9P50_1, MEASURE=AP)",2026-06-30,OECD fractional count; WIPO/PCT 9P50_1; application date; applicant origin
SWE,2020,4104.0679,"OECD Data Explorer / DSD_PATENTS@DF_PATENTS_WIPO (WIPO PCT, 9P50_1, MEASURE=AP)",2026-06-30,OECD fractional count; WIPO/PCT 9P50_1; application date; applicant origin
SWE,2021,4117.7915,"OECD Data Explorer / DSD_PATENTS@DF_PATENTS_WIPO (WIPO PCT, 9P50_1, MEASURE=AP)",2026-06-30,OECD fractional count; WIPO/PCT 9P50_1; application date; applicant origin
SWE,2022,4185.9014,"OECD Data Explorer / DSD_PATENTS@DF_PATENTS_WIPO (WIPO PCT, 9P50_1, MEASURE=AP)",2026-06-30,OECD fractional count; WIPO/PCT 9P50_1; application date; applicant origin
SWE,2023,4041.3389,"OECD Data Explorer / DSD_PATENTS@DF_PATENTS_WIPO (WIPO PCT, 9P50_1, MEASURE=AP)",2026-06-30,OECD fractional count; WIPO/PCT 9P50_1; application date; applicant origin
TUR,2012,493.1389,"OECD Data Explorer / DSD_PATENTS@DF_PATENTS_WIPO (WIPO PCT, 9P50_1, MEASURE=AP)",2026-06-30,OECD fractional count; WIPO/PCT 9P50_1; application date; applicant origin
TUR,2013,755.0833,"OECD Data Explorer / DSD_PATENTS@DF_PATENTS_WIPO (WIPO PCT, 9P50_1, MEASURE=AP)",2026-06-30,OECD fractional count; WIPO/PCT 9P50_1; application date; applicant origin
TUR,2014,820.6667,"OECD Data Explorer / DSD_PATENTS@DF_PATENTS_WIPO (WIPO PCT, 9P50_1, MEASURE=AP)",2026-06-30,OECD fractional count; WIPO/PCT 9P50_1; application date; applicant origin
TUR,2015,974.6333,"OECD Data Explorer / DSD_PATENTS@DF_PATENTS_WIPO (WIPO PCT, 9P50_1, MEASURE=AP)",2026-06-30,OECD fractional count; WIPO/PCT 9P50_1; application date; applicant origin
TUR,2016,1019.9167,"OECD Data Explorer / DSD_PATENTS@DF_PATENTS_WIPO (WIPO PCT, 9P50_1, MEASURE=AP)",2026-06-30,OECD fractional count; WIPO/PCT 9P50_1; application date; applicant origin
TUR,2017,1149.0,"OECD Data Explorer / DSD_PATENTS@DF_PATENTS_WIPO (WIPO PCT, 9P50_1, MEASURE=AP)",2026-06-30,OECD fractional count; WIPO/PCT 9P50_1; application date; applicant origin
TUR,2018,1337.3094,"OECD Data Explorer / DSD_PATENTS@DF_PATENTS_WIPO (WIPO PCT, 9P50_1, MEASURE=AP)",2026-06-30,OECD fractional count; WIPO/PCT 9P50_1; application date; applicant origin
TUR,2019,1630.25,"OECD Data Explorer / DSD_PATENTS@DF_PATENTS_WIPO (WIPO PCT, 9P50_1, MEASURE=AP)",2026-06-30,OECD fractional count; WIPO/PCT 9P50_1; application date; applicant origin
TUR,2020,1520.2667,"OECD Data Explorer / DSD_PATENTS@DF_PATENTS_WIPO (WIPO PCT, 9P50_1, MEASURE=AP)",2026-06-30,OECD fractional count; WIPO/PCT 9P50_1; application date; applicant origin
TUR,2021,1667.875,"OECD Data Explorer / DSD_PATENTS@DF_PATENTS_WIPO (WIPO PCT, 9P50_1, MEASURE=AP)",2026-06-30,OECD fractional count; WIPO/PCT 9P50_1; application date; applicant origin
TUR,2022,1719.0833,"OECD Data Explorer / DSD_PATENTS@DF_PATENTS_WIPO (WIPO PCT, 9P50_1, MEASURE=AP)",2026-06-30,OECD fractional count; WIPO/PCT 9P50_1; application date; applicant origin
TUR,2023,1837.3333,"OECD Data Explorer / DSD_PATENTS@DF_PATENTS_WIPO (WIPO PCT, 9P50_1, MEASURE=AP)",2026-06-30,OECD fractional count; WIPO/PCT 9P50_1; application date; applicant origin
USA,2012,50152.656,"OECD Data Explorer / DSD_PATENTS@DF_PATENTS_WIPO (WIPO PCT, 9P50_1, MEASURE=AP)",2026-06-30,OECD fractional count; WIPO/PCT 9P50_1; application date; applicant origin
USA,2013,55715.148,"OECD Data Explorer / DSD_PATENTS@DF_PATENTS_WIPO (WIPO PCT, 9P50_1, MEASURE=AP)",2026-06-30,OECD fractional count; WIPO/PCT 9P50_1; application date; applicant origin
USA,2014,59813.523,"OECD Data Explorer / DSD_PATENTS@DF_PATENTS_WIPO (WIPO PCT, 9P50_1, MEASURE=AP)",2026-06-30,OECD fractional count; WIPO/PCT 9P50_1; application date; applicant origin
USA,2015,55171.281,"OECD Data Explorer / DSD_PATENTS@DF_PATENTS_WIPO (WIPO PCT, 9P50_1, MEASURE=AP)",2026-06-30,OECD fractional count; WIPO/PCT 9P50_1; application date; applicant origin
USA,2016,54584.91,"OECD Data Explorer / DSD_PATENTS@DF_PATENTS_WIPO (WIPO PCT, 9P50_1, MEASURE=AP)",2026-06-30,OECD fractional count; WIPO/PCT 9P50_1; application date; applicant origin
USA,2017,54929.496,"OECD Data Explorer / DSD_PATENTS@DF_PATENTS_WIPO (WIPO PCT, 9P50_1, MEASURE=AP)",2026-06-30,OECD fractional count; WIPO/PCT 9P50_1; application date; applicant origin
USA,2018,54372.656,"OECD Data Explorer / DSD_PATENTS@DF_PATENTS_WIPO (WIPO PCT, 9P50_1, MEASURE=AP)",2026-06-30,OECD fractional count; WIPO/PCT 9P50_1; application date; applicant origin
USA,2019,56032.676,"OECD Data Explorer / DSD_PATENTS@DF_PATENTS_WIPO (WIPO PCT, 9P50_1, MEASURE=AP)",2026-06-30,OECD fractional count; WIPO/PCT 9P50_1; application date; applicant origin
USA,2020,57041.07,"OECD Data Explorer / DSD_PATENTS@DF_PATENTS_WIPO (WIPO PCT, 9P50_1, MEASURE=AP)",2026-06-30,OECD fractional count; WIPO/PCT 9P50_1; application date; applicant origin
USA,2021,57787.887,"OECD Data Explorer / DSD_PATENTS@DF_PATENTS_WIPO (WIPO PCT, 9P50_1, MEASURE=AP)",2026-06-30,OECD fractional count; WIPO/PCT 9P50_1; application date; applicant origin
USA,2022,57493.75,"OECD Data Explorer / DSD_PATENTS@DF_PATENTS_WIPO (WIPO PCT, 9P50_1, MEASURE=AP)",2026-06-30,OECD fractional count; WIPO/PCT 9P50_1; application date; applicant origin
USA,2023,54258.77,"OECD Data Explorer / DSD_PATENTS@DF_PATENTS_WIPO (WIPO PCT, 9P50_1, MEASURE=AP)",2026-06-30,OECD fractional count; WIPO/PCT 9P50_1; application date; applicant origin
